annotator_labels,captionID,gold_label,pairID,sentence1,sentence1_binary_parse,sentence1_parse,sentence2,sentence2_binary_parse,sentence2_parse
"['neutral', 'neutral', 'neutral', 'neutral', 'neutral']",317383917.jpg#3,neutral,317383917.jpg#3r1n,A group of dogs stand in the snow.,( ( ( A group ) ( of dogs ) ) ( ( stand ( in ( the snow ) ) ) . ) ),(ROOT (S (NP (NP (DT A) (NN group)) (PP (IN of) (NP (NNS dogs)))) (VP (VBP stand) (PP (IN in) (NP (DT the) (NN snow)))) (. .))),Some animals are forced to stand still in snow.,( ( Some animals ) ( ( are ( forced ( to ( ( stand still ) ( in snow ) ) ) ) ) . ) ),(ROOT (S (NP (DT Some) (NNS animals)) (VP (VBP are) (VP (VBN forced) (S (VP (TO to) (VP (VB stand) (ADVP (RB still)) (PP (IN in) (NP (NN snow)))))))) (. .)))
"['entailment', 'neutral', 'neutral', 'neutral', 'neutral']",5821129557.jpg#3,neutral,5821129557.jpg#3r1e,A little boy is getting is birthday cake and is blowing out the candles.,( ( ( A ( little boy ) ) ( is getting ) ) ( ( ( ( is ( birthday cake ) ) and ) ( is ( ( blowing out ) ( the candles ) ) ) ) . ) ),(ROOT (S (NP (NP (DT A) (JJ little) (NN boy)) (SBAR (S (VP (VBZ is) (VP (VBG getting)))))) (VP (VP (VBZ is) (NP (NN birthday) (NN cake))) (CC and) (VP (VBZ is) (VP (VBG blowing) (PRT (RP out)) (NP (DT the) (NNS candles))))) (. .))),A child at a party.,( ( ( A child ) ( at ( a party ) ) ) . ),(ROOT (NP (NP (DT A) (NN child)) (PP (IN at) (NP (DT a) (NN party))) (. .)))
"['neutral', 'neutral', 'neutral', 'neutral', 'entailment']",510791586.jpg#3,neutral,510791586.jpg#3r1n,A lit girl splashes around in natural water.,( ( A ( lit girl ) ) ( ( ( splashes around ) ( in ( natural water ) ) ) . ) ),(ROOT (S (NP (DT A) (NN lit) (NN girl)) (VP (VBZ splashes) (PRT (RP around)) (PP (IN in) (NP (JJ natural) (NN water)))) (. .))),The girl is outside.,( ( The girl ) ( ( is outside ) . ) ),(ROOT (S (NP (DT The) (NN girl)) (VP (VBZ is) (ADVP (RB outside))) (. .)))
"['neutral', 'neutral', 'neutral', 'entailment', 'neutral']",2373018323.jpg#1,neutral,2373018323.jpg#1r1n,A young man in a blue hoodie doing a flip off of a half-wall that is covered in graffiti.,( ( ( ( A ( young man ) ) ( in ( ( a ( blue hoodie ) ) ( ( doing ( a flip ) ) off ) ) ) ) ( of ( ( a half-wall ) ( that ( is ( covered ( in graffiti ) ) ) ) ) ) ) . ),(ROOT (NP (NP (NP (DT A) (JJ young) (NN man)) (PP (IN in) (NP (NP (DT a) (JJ blue) (NN hoodie)) (VP (VBG doing) (NP (DT a) (JJ flip)) (PRT (RP off)))))) (PP (IN of) (NP (NP (DT a) (NN half-wall)) (SBAR (WHNP (WDT that)) (S (VP (VBZ is) (VP (VBN covered) (PP (IN in) (NP (NNS graffiti))))))))) (. .))),A young man does a flip off a wall and wares baggie clothes.,( ( A ( young man ) ) ( ( ( does ( a flip ) ) ( off ( a ( wall ( and ( wares ( baggie clothes ) ) ) ) ) ) ) . ) ),(ROOT (S (NP (DT A) (JJ young) (NN man)) (VP (VBZ does) (NP (DT a) (JJ flip)) (PP (IN off) (NP (DT a) (NN wall) (CC and) (NNS wares) (NN baggie) (NNS clothes)))) (. .)))
"['neutral', 'contradiction', 'neutral', 'neutral', 'contradiction']",4799796561.jpg#4,neutral,4799796561.jpg#4r1n,A man with a cigarette sits on the stoop.,( ( ( A man ) ( with ( a cigarette ) ) ) ( ( sits ( on ( the stoop ) ) ) . ) ),(ROOT (S (NP (NP (DT A) (NN man)) (PP (IN with) (NP (DT a) (NN cigarette)))) (VP (VBZ sits) (PP (IN on) (NP (DT the) (NN stoop)))) (. .))),An old man is smoking a cigar.,( ( An ( old man ) ) ( ( is ( smoking ( a cigar ) ) ) . ) ),(ROOT (S (NP (DT An) (JJ old) (NN man)) (VP (VBZ is) (VP (VBG smoking) (NP (DT a) (NN cigar)))) (. .)))
"['contradiction', 'contradiction', 'neutral', 'entailment', 'contradiction']",482315006.jpg#0,contradiction,482315006.jpg#0r1c,A man and a woman are lying together on a grassy park field near a waterfront.,( ( ( ( A man ) and ) ( a woman ) ) ( ( are ( ( lying together ) ( on ( ( a ( grassy ( park field ) ) ) ( near ( a waterfront ) ) ) ) ) ) . ) ),(ROOT (S (NP (NP (DT A) (NN man)) (CC and) (NP (DT a) (NN woman))) (VP (VBP are) (VP (VBG lying) (ADVP (RB together)) (PP (IN on) (NP (NP (DT a) (JJ grassy) (NN park) (NN field)) (PP (IN near) (NP (DT a) (NN waterfront))))))) (. .))),Two people are playing with a frisbee at a park.,( ( Two people ) ( ( are ( playing ( with ( ( a frisbee ) ( at ( a park ) ) ) ) ) ) . ) ),(ROOT (S (NP (CD Two) (NNS people)) (VP (VBP are) (VP (VBG playing) (PP (IN with) (NP (NP (DT a) (NN frisbee)) (PP (IN at) (NP (DT a) (NN park))))))) (. .)))
"['entailment', 'entailment', 'neutral', 'entailment', 'entailment']",3182509597.jpg#2,entailment,3182509597.jpg#2r1e,Two men riding a boat in clear water on a sunny day.,( ( ( Two men ) ( ( riding ( ( a boat ) ( in ( clear water ) ) ) ) ( on ( a ( sunny day ) ) ) ) ) . ),(ROOT (NP (NP (CD Two) (NNS men)) (VP (VBG riding) (NP (NP (DT a) (NN boat)) (PP (IN in) (NP (JJ clear) (NN water)))) (PP (IN on) (NP (DT a) (JJ sunny) (NN day)))) (. .))),A couple people are doing activities on a nice day in a boat.,( ( A ( couple people ) ) ( ( are ( ( doing activities ) ( on ( ( a ( nice day ) ) ( in ( a boat ) ) ) ) ) ) . ) ),(ROOT (S (NP (DT A) (NN couple) (NNS people)) (VP (VBP are) (VP (VBG doing) (NP (NNS activities)) (PP (IN on) (NP (NP (DT a) (JJ nice) (NN day)) (PP (IN in) (NP (DT a) (NN boat))))))) (. .)))
"['neutral', 'neutral', 'neutral', 'neutral', 'neutral']",2234018985.jpg#2,neutral,2234018985.jpg#2r1n,A brown and white dog is chained up near a red chair.,( ( A ( ( ( brown and ) white ) dog ) ) ( ( is ( ( chained up ) ( near ( a ( red chair ) ) ) ) ) . ) ),(ROOT (S (NP (DT A) (ADJP (JJ brown) (CC and) (JJ white)) (NN dog)) (VP (VBZ is) (VP (VBG chained) (PRT (RP up)) (PP (IN near) (NP (DT a) (JJ red) (NN chair))))) (. .))),The dog is sitting.,( ( The dog ) ( ( is sitting ) . ) ),(ROOT (S (NP (DT The) (NN dog)) (VP (VBZ is) (VP (VBG sitting))) (. .)))
"['contradiction', 'contradiction', 'contradiction', 'contradiction', 'contradiction']",542389533.jpg#0,contradiction,542389533.jpg#0r1c,"In front of a brick house with a straw roof and some figures, three children stand, two of them holding squares of blackboard.","( ( In ( front ( of ( ( a ( brick house ) ) ( with ( ( ( a ( straw roof ) ) and ) ( some figures ) ) ) ) ) ) ) ( , ( ( three children ) ( ( ( stand , ) ( two ( of ( them ( holding ( squares ( of blackboard ) ) ) ) ) ) ) . ) ) ) )","(ROOT (S (PP (IN In) (NP (NP (NN front)) (PP (IN of) (NP (NP (DT a) (NN brick) (NN house)) (PP (IN with) (NP (NP (DT a) (NN straw) (NN roof)) (CC and) (NP (DT some) (NNS figures)))))))) (, ,) (NP (CD three) (NNS children)) (VP (VBP stand) (, ,) (NP (NP (CD two)) (PP (IN of) (S (NP (PRP them)) (VP (VBG holding) (NP (NP (NNS squares)) (PP (IN of) (NP (NN blackboard))))))))) (. .)))",The children are putting out a fire nearby,( ( The children ) ( are ( ( putting ( out ( a fire ) ) ) nearby ) ) ),(ROOT (S (NP (DT The) (NNS children)) (VP (VBP are) (VP (VBG putting) (PP (IN out) (NP (DT a) (NN fire))) (ADVP (RB nearby))))))
"['neutral', 'entailment', 'entailment', 'entailment', 'entailment']",7700080224.jpg#4,entailment,7700080224.jpg#4r1n,Several women are playing volleyball.,( ( Several women ) ( ( are ( playing volleyball ) ) . ) ),(ROOT (S (NP (JJ Several) (NNS women)) (VP (VBP are) (VP (VBG playing) (ADJP (JJ volleyball)))) (. .))),They women are hitting a ball with their arms,( ( They women ) ( are ( ( hitting ( a ball ) ) ( with ( their arms ) ) ) ) ),(ROOT (S (NP (PRP They) (NNS women)) (VP (VBP are) (VP (VBG hitting) (NP (DT a) (NN ball)) (PP (IN with) (NP (PRP$ their) (NNS arms)))))))
"['neutral', 'entailment', 'contradiction', 'entailment', 'entailment']",2217244400.jpg#3,entailment,2217244400.jpg#3r1n,Person with umbrella observes flooded streets with cars in the water.,( ( Person ( with umbrella ) ) ( ( ( observes ( flooded streets ) ) ( with ( cars ( in ( the water ) ) ) ) ) . ) ),(ROOT (S (NP (NP (NNP Person)) (PP (IN with) (NP (NN umbrella)))) (VP (VBZ observes) (NP (JJ flooded) (NNS streets)) (PP (IN with) (NP (NP (NNS cars)) (PP (IN in) (NP (DT the) (NN water)))))) (. .))),A person is standing outside in the rain looking at flood damage.,( ( A person ) ( ( is ( ( standing outside ) ( in ( ( the rain ) ( looking ( at ( flood damage ) ) ) ) ) ) ) . ) ),(ROOT (S (NP (DT A) (NN person)) (VP (VBZ is) (VP (VBG standing) (ADVP (RB outside)) (PP (IN in) (NP (NP (DT the) (NN rain)) (VP (VBG looking) (PP (IN at) (NP (NN flood) (NN damage)))))))) (. .)))
"['neutral', 'entailment', 'neutral', 'neutral', 'contradiction']",3205053031.jpg#3,neutral,3205053031.jpg#3r1n,A woman in a hooded type coat is holding a golden colored axe.,( ( ( A woman ) ( in ( a ( hooded ( type coat ) ) ) ) ) ( ( is ( holding ( a ( golden ( colored axe ) ) ) ) ) . ) ),(ROOT (S (NP (NP (DT A) (NN woman)) (PP (IN in) (NP (DT a) (JJ hooded) (NN type) (NN coat)))) (VP (VBZ is) (VP (VBG holding) (NP (DT a) (JJ golden) (JJ colored) (NN axe)))) (. .))),A woman holds a metal axe.,( ( A woman ) ( ( holds ( a ( metal axe ) ) ) . ) ),(ROOT (S (NP (DT A) (NN woman)) (VP (VBZ holds) (NP (DT a) (NN metal) (NN axe))) (. .)))
"['entailment', 'entailment', 'entailment', 'entailment', 'entailment']",3977104006.jpg#1,entailment,3977104006.jpg#1r1e,Four men stand in a circle facing each other playing brass instruments which people watch them.,( ( Four men ) ( ( stand ( in ( ( a circle ) ( facing ( ( each ( other ( playing ( brass instruments ) ) ) ) ( ( which people ) ( watch them ) ) ) ) ) ) ) . ) ),(ROOT (S (NP (CD Four) (NNS men)) (VP (VBP stand) (PP (IN in) (NP (NP (DT a) (NN circle)) (VP (VBG facing) (NP (NP (DT each) (JJ other) (NN playing) (NN brass) (NNS instruments)) (SBAR (WHNP (WDT which) (NNS people)) (S (VP (VBP watch) (NP (PRP them)))))))))) (. .))),The men are playing music,( ( The men ) ( are ( playing music ) ) ),(ROOT (S (NP (DT The) (NNS men)) (VP (VBP are) (VP (VBG playing) (NP (NN music))))))
"['neutral', 'neutral', 'neutral', 'neutral', 'neutral']",2749755023.jpg#4,neutral,2749755023.jpg#4r1n,a woman in a black shirt looking at a bicycle.,( ( ( ( a woman ) ( in ( a ( black shirt ) ) ) ) ( looking ( at ( a bicycle ) ) ) ) . ),(ROOT (NP (NP (NP (DT a) (NN woman)) (PP (IN in) (NP (DT a) (JJ black) (NN shirt)))) (VP (VBG looking) (PP (IN at) (NP (DT a) (NN bicycle)))) (. .))),A woman dressed in black shops for a bicycle.,( ( A woman ) ( ( ( dressed ( in ( black shops ) ) ) ( for ( a bicycle ) ) ) . ) ),(ROOT (S (NP (DT A) (NN woman)) (VP (VBD dressed) (PP (IN in) (NP (JJ black) (NNS shops))) (PP (IN for) (NP (DT a) (NN bicycle)))) (. .)))
"['contradiction', 'contradiction', 'contradiction', 'contradiction', 'contradiction']",1336391319.jpg#2,contradiction,1336391319.jpg#2r1c,A man pushing a hand-truck of boxes is bending over to pick up a pear.,( ( ( A man ) ( pushing ( ( a hand-truck ) ( of boxes ) ) ) ) ( ( is ( ( bending over ) ( to ( ( pick up ) ( a pear ) ) ) ) ) . ) ),(ROOT (S (NP (NP (DT A) (NN man)) (VP (VBG pushing) (NP (NP (DT a) (NN hand-truck)) (PP (IN of) (NP (NNS boxes)))))) (VP (VBZ is) (VP (VBG bending) (PRT (RP over)) (S (VP (TO to) (VP (VB pick) (PRT (RP up)) (NP (DT a) (NN pear))))))) (. .))),A man is pushing a pear and picking up boxes.,( ( A man ) ( ( is ( ( ( pushing ( a pear ) ) and ) ( ( picking up ) boxes ) ) ) . ) ),(ROOT (S (NP (DT A) (NN man)) (VP (VBZ is) (VP (VP (VBG pushing) (NP (DT a) (NN pear))) (CC and) (VP (VBG picking) (PRT (RP up)) (NP (NNS boxes))))) (. .)))
"['entailment', 'neutral', 'neutral', 'neutral', 'entailment']",4905053758.jpg#4,neutral,4905053758.jpg#4r1e,people standing at a beach with Cameras.,( ( people ( standing ( at ( ( a beach ) ( with Cameras ) ) ) ) ) . ),(ROOT (NP (NP (NNS people)) (VP (VBG standing) (PP (IN at) (NP (NP (DT a) (NN beach)) (PP (IN with) (NP (NNP Cameras)))))) (. .))),A group of people standing at a beach filled with cameras.,( ( ( A group ) ( of ( people ( standing ( at ( a beach ) ) ) ) ) ) ( ( filled ( with cameras ) ) . ) ),(ROOT (S (NP (NP (DT A) (NN group)) (PP (IN of) (NP (NP (NNS people)) (VP (VBG standing) (PP (IN at) (NP (DT a) (NN beach))))))) (VP (VBN filled) (PP (IN with) (NP (NNS cameras)))) (. .)))
"['neutral', 'contradiction', 'contradiction', 'contradiction', 'neutral']",416960865.jpg#0,contradiction,416960865.jpg#0r1n,A woman wearing a red work man's hat and red jacket is hiking in the snow topped mountains.,( ( ( A woman ) ( wearing ( ( a ( red ( work ( man 's ) ) ) ) ( hat ( and ( red jacket ) ) ) ) ) ) ( ( is ( hiking ( in ( ( the snow ) ( topped mountains ) ) ) ) ) . ) ),(ROOT (S (NP (NP (DT A) (NN woman)) (VP (VBG wearing) (NP (NP (DT a) (JJ red) (NN work) (NN man) (POS 's)) (NN hat) (CC and) (JJ red) (NN jacket)))) (VP (VBZ is) (NP (NP (NN hiking)) (PP (IN in) (NP (NP (DT the) (NN snow)) (VP (VBN topped) (NP (NNS mountains))))))) (. .))),A person is in the woods.,( ( A person ) ( ( is ( in ( the woods ) ) ) . ) ),(ROOT (S (NP (DT A) (NN person)) (VP (VBZ is) (PP (IN in) (NP (DT the) (NNS woods)))) (. .)))
"['neutral', 'contradiction', 'contradiction', 'neutral', 'neutral']",2773844590.jpg#2,neutral,2773844590.jpg#2r1n,A woman in bridal wear embraces an individual.,( ( ( A woman ) ( in ( bridal wear ) ) ) ( ( embraces ( an individual ) ) . ) ),(ROOT (S (NP (NP (DT A) (NN woman)) (PP (IN in) (NP (JJ bridal) (NN wear)))) (VP (VBZ embraces) (NP (DT an) (NN individual))) (. .))),The newly married couple kiss.,( ( The ( ( newly married ) couple ) ) ( kiss . ) ),(ROOT (S (NP (DT The) (ADJP (RB newly) (VBN married)) (NN couple)) (VP (VBP kiss)) (. .)))
"['entailment', 'neutral', 'neutral', 'neutral', 'contradiction']",2474918824.jpg#3,neutral,2474918824.jpg#3r1e,A man in a red shirt is learning how to climb a cliff.,( ( ( A man ) ( in ( a ( red shirt ) ) ) ) ( ( is ( learning ( how ( to ( climb ( a cliff ) ) ) ) ) ) . ) ),(ROOT (S (NP (NP (DT A) (NN man)) (PP (IN in) (NP (DT a) (JJ red) (NN shirt)))) (VP (VBZ is) (VP (VBG learning) (SBAR (WHADVP (WRB how)) (S (VP (TO to) (VP (VB climb) (NP (DT a) (NN cliff)))))))) (. .))),A man is acquiring information.,( ( A man ) ( ( is ( acquiring information ) ) . ) ),(ROOT (S (NP (DT A) (NN man)) (VP (VBZ is) (VP (VBG acquiring) (NP (NN information)))) (. .)))
"['neutral', 'neutral', 'neutral', 'entailment', 'neutral']",4824883554.jpg#1,neutral,4824883554.jpg#1r1n,An old man in a blue shirt and white pants glowers by a glass door.,( ( ( An ( old man ) ) ( in ( ( ( a ( blue shirt ) ) and ) ( white pants ) ) ) ) ( ( glowers ( by ( a ( glass door ) ) ) ) . ) ),(ROOT (S (NP (NP (DT An) (JJ old) (NN man)) (PP (IN in) (NP (NP (DT a) (JJ blue) (NN shirt)) (CC and) (NP (JJ white) (NNS pants))))) (VP (VBZ glowers) (PP (IN by) (NP (DT a) (NN glass) (NN door)))) (. .))),A man resting outside,( A ( man ( resting outside ) ) ),(ROOT (FRAG (NP (DT A) (NN man) (S (VP (VBG resting) (ADVP (RB outside)))))))
"['neutral', 'neutral', 'neutral', 'contradiction', 'contradiction']",375797597.jpg#0,neutral,375797597.jpg#0r1n,"A bald, black man wearing safety glasses and a long-sleeved black shirt is using a pick and hammer to sculpt a sizable rock into art.","( ( ( A ( bald ( , ( black man ) ) ) ) ( wearing ( ( ( safety glasses ) and ) ( a ( long-sleeved ( black shirt ) ) ) ) ) ) ( ( is ( ( using ( a ( ( pick and ) hammer ) ) ) ( to ( ( sculpt ( a ( sizable rock ) ) ) ( into art ) ) ) ) ) . ) )","(ROOT (S (NP (NP (DT A) (JJ bald) (, ,) (JJ black) (NN man)) (VP (VBG wearing) (NP (NP (NN safety) (NNS glasses)) (CC and) (NP (DT a) (JJ long-sleeved) (JJ black) (NN shirt))))) (VP (VBZ is) (VP (VBG using) (NP (DT a) (NN pick) (CC and) (NN hammer)) (S (VP (TO to) (VP (VB sculpt) (NP (DT a) (JJ sizable) (NN rock)) (PP (IN into) (NP (NN art)))))))) (. .)))",A black man with no hair is wearing his safety glasses around his neck.,( ( ( A ( black man ) ) ( with ( no hair ) ) ) ( ( is ( ( wearing ( his ( safety glasses ) ) ) ( around ( his neck ) ) ) ) . ) ),(ROOT (S (NP (NP (DT A) (JJ black) (NN man)) (PP (IN with) (NP (DT no) (NN hair)))) (VP (VBZ is) (VP (VBG wearing) (NP (PRP$ his) (NN safety) (NNS glasses)) (PP (IN around) (NP (PRP$ his) (NN neck))))) (. .)))
"['contradiction', 'entailment', 'entailment', 'entailment', 'entailment']",4881309019.jpg#0,entailment,4881309019.jpg#0r1c,A long jumper takes flight in an attempt to jump the longest distance possible in a track competition.,( ( A ( long jumper ) ) ( ( ( takes flight ) ( in ( an ( attempt ( to ( jump ( ( the ( longest distance ) ) ( possible ( in ( a ( track competition ) ) ) ) ) ) ) ) ) ) ) . ) ),(ROOT (S (NP (DT A) (JJ long) (NN jumper)) (VP (VBZ takes) (NP (NN flight)) (PP (IN in) (NP (DT an) (NN attempt) (S (VP (TO to) (VP (VB jump) (S (NP (DT the) (JJS longest) (NN distance)) (ADJP (JJ possible) (PP (IN in) (NP (DT a) (NN track) (NN competition))))))))))) (. .))),A long jumper is jumping a hurdle.,( ( A ( long jumper ) ) ( ( is ( jumping ( a hurdle ) ) ) . ) ),(ROOT (S (NP (DT A) (JJ long) (NN jumper)) (VP (VBZ is) (VP (VBG jumping) (NP (DT a) (NN hurdle)))) (. .)))
"['neutral', 'entailment', 'neutral', 'entailment', 'neutral']",425706089.jpg#4,neutral,425706089.jpg#4r1n,Two men outside of a restaurant.,( ( ( Two men ) ( outside ( of ( a restaurant ) ) ) ) . ),(ROOT (NP (NP (CD Two) (NNS men)) (PP (JJ outside) (IN of) (NP (DT a) (NN restaurant))) (. .))),Two men are sitting on the restaurant patio.,( ( Two men ) ( ( are ( sitting ( on ( the ( restaurant patio ) ) ) ) ) . ) ),(ROOT (S (NP (CD Two) (NNS men)) (VP (VBP are) (VP (VBG sitting) (PP (IN on) (NP (DT the) (NN restaurant) (NN patio))))) (. .)))
"['neutral', 'neutral', 'neutral', 'neutral', 'neutral']",3019747321.jpg#2,neutral,3019747321.jpg#2r1n,Men in an office with computers and a projector screen.,( ( ( Men ( in ( an office ) ) ) ( with ( ( computers and ) ( a ( projector screen ) ) ) ) ) . ),(ROOT (NP (NP (NNS Men)) (PP (IN in) (NP (DT an) (NN office))) (PP (IN with) (NP (NP (NNS computers)) (CC and) (NP (DT a) (NN projector) (NN screen)))) (. .))),The men are preparing for a presentation.,( ( The men ) ( ( are ( preparing ( for ( a presentation ) ) ) ) . ) ),(ROOT (S (NP (DT The) (NNS men)) (VP (VBP are) (VP (VBG preparing) (PP (IN for) (NP (DT a) (NN presentation))))) (. .)))
"['contradiction', 'neutral', 'neutral', 'neutral', 'contradiction']",5104045.jpg#0,neutral,5104045.jpg#0r1c,Several people are laying on the floor sleeping covered by blankets.,( ( Several people ) ( ( are ( laying ( on ( ( the ( floor sleeping ) ) ( covered ( by blankets ) ) ) ) ) ) . ) ),(ROOT (S (NP (JJ Several) (NNS people)) (VP (VBP are) (VP (VBG laying) (PP (IN on) (NP (NP (DT the) (NN floor) (NN sleeping)) (VP (VBN covered) (PP (IN by) (NP (NNS blankets)))))))) (. .))),A group of people fight in their dreams,( ( ( A group ) ( of people ) ) ( fight ( in ( their dreams ) ) ) ),(ROOT (NP (NP (NP (DT A) (NN group)) (PP (IN of) (NP (NNS people)))) (NP (NP (NN fight)) (PP (IN in) (NP (PRP$ their) (NNS dreams))))))
"['contradiction', 'contradiction', 'contradiction', 'contradiction', 'contradiction']",1145781754.jpg#0,contradiction,1145781754.jpg#0r1c,Four men with baseball caps and logo t-shirts laughing together at a table.,( ( ( ( Four men ) ( with ( baseball ( caps ( and ( logo t-shirts ) ) ) ) ) ) ( ( laughing together ) ( at ( a table ) ) ) ) . ),(ROOT (NP (NP (NP (CD Four) (NNS men)) (PP (IN with) (NP (NN baseball) (NNS caps) (CC and) (NN logo) (NNS t-shirts)))) (VP (VBG laughing) (ADVP (RB together)) (PP (IN at) (NP (DT a) (NN table)))) (. .))),The men are selling clothes in a sports store.,( ( The men ) ( ( are ( selling ( clothes ( in ( a ( sports store ) ) ) ) ) ) . ) ),(ROOT (S (NP (DT The) (NNS men)) (VP (VBP are) (VP (VBG selling) (NP (NP (NNS clothes)) (PP (IN in) (NP (DT a) (NNS sports) (NN store)))))) (. .)))
"['neutral', 'entailment', 'entailment', 'entailment', 'entailment']",2713036593.jpg#3,entailment,2713036593.jpg#3r1n,"A man is sitting on the floor, sleeping.","( ( A man ) ( ( is ( ( ( sitting ( on ( the floor ) ) ) , ) sleeping ) ) . ) )","(ROOT (S (NP (DT A) (NN man)) (VP (VBZ is) (VP (VP (VBG sitting) (PP (IN on) (NP (DT the) (NN floor)))) (, ,) (VP (VBG sleeping)))) (. .)))",A young man is sleeping while in the sitting position.,( ( A ( young man ) ) ( ( is ( sleeping ( while ( in ( the ( sitting position ) ) ) ) ) ) . ) ),(ROOT (S (NP (DT A) (JJ young) (NN man)) (VP (VBZ is) (VP (VBG sleeping) (NP (NP (NN while)) (PP (IN in) (NP (DT the) (VBG sitting) (NN position)))))) (. .)))
"['entailment', 'entailment', 'entailment', 'entailment', 'entailment']",372243070.jpg#0,entailment,372243070.jpg#0r1e,A caucasian man wearing red plaid bottoms and a black vest with large buttons with a tattoo on one arm has an upside down unicycle balancing on his mouth.,( ( ( A ( caucasian man ) ) ( ( wearing ( ( ( red ( plaid bottoms ) ) and ) ( a ( black vest ) ) ) ) ( with ( ( large buttons ) ( with ( ( a tattoo ) ( on ( one arm ) ) ) ) ) ) ) ) ( ( has ( ( an ( ( ( upside down ) unicycle ) balancing ) ) ( on ( his mouth ) ) ) ) . ) ),(ROOT (S (NP (NP (DT A) (JJ caucasian) (NN man)) (VP (VBG wearing) (NP (NP (JJ red) (JJ plaid) (NNS bottoms)) (CC and) (NP (DT a) (JJ black) (NN vest))) (PP (IN with) (NP (NP (JJ large) (NNS buttons)) (PP (IN with) (NP (NP (DT a) (NN tattoo)) (PP (IN on) (NP (CD one) (NN arm))))))))) (VP (VBZ has) (NP (NP (DT an) (ADJP (ADVP (RB upside) (RB down)) (JJ unicycle)) (NN balancing)) (PP (IN on) (NP (PRP$ his) (NN mouth))))) (. .))),A man is holding a unicycle in a curious manner.,( ( A man ) ( ( is ( holding ( ( a unicycle ) ( in ( a ( curious manner ) ) ) ) ) ) . ) ),(ROOT (S (NP (DT A) (NN man)) (VP (VBZ is) (VP (VBG holding) (NP (NP (DT a) (NN unicycle)) (PP (IN in) (NP (DT a) (JJ curious) (NN manner)))))) (. .)))
"['neutral', 'neutral', 'neutral', 'neutral', 'entailment']",3609448700.jpg#3,neutral,3609448700.jpg#3r1n,Many roller derby players skating around the rink.,( ( Many ( roller ( derby players ) ) ) ( ( skating ( around ( the rink ) ) ) . ) ),(ROOT (S (NP (JJ Many) (NN roller) (NN derby) (NNS players)) (VP (VBD skating) (PP (IN around) (NP (DT the) (NN rink)))) (. .))),roller derby players skating around the rink at practice.,( ( roller ( derby players ) ) ( ( ( skating ( around ( the rink ) ) ) ( at practice ) ) . ) ),(ROOT (S (NP (NN roller) (NN derby) (NNS players)) (VP (VBD skating) (PP (IN around) (NP (DT the) (NN rink))) (PP (IN at) (NP (NN practice)))) (. .)))
"['neutral', 'neutral', 'neutral', 'neutral', 'neutral']",209605542.jpg#0,neutral,209605542.jpg#0r1n,a climber wearing a red headband is pulling himself up some gray rocks high above some green foliage.,( ( ( a climber ) ( wearing ( a ( red headband ) ) ) ) ( ( is ( ( ( pulling himself ) up ) ( ( ( some ( gray rocks ) ) high ) ( above ( some ( green foliage ) ) ) ) ) ) . ) ),(ROOT (S (NP (NP (DT a) (NN climber)) (VP (VBG wearing) (NP (DT a) (JJ red) (NN headband)))) (VP (VBZ is) (VP (VBG pulling) (NP (PRP himself)) (PRT (RP up)) (PP (ADVP (NP (DT some) (JJ gray) (NNS rocks)) (RB high)) (IN above) (NP (DT some) (JJ green) (NN foliage))))) (. .))),A climber pulls himself up 5000 feet up over a forest,( ( A climber ) ( ( ( pulls himself ) ( ( ( up 5000 ) feet ) up ) ) ( over ( a forest ) ) ) ),(ROOT (S (NP (DT A) (NN climber)) (VP (VBZ pulls) (NP (PRP himself)) (ADVP (NP (QP (RB up) (CD 5000)) (NNS feet)) (RB up)) (PP (IN over) (NP (DT a) (NN forest))))))
"['contradiction', 'contradiction', 'contradiction', 'contradiction', 'contradiction']",210711305.jpg#0,contradiction,210711305.jpg#0r1c,"A man and two women are walking down a wooded path, the man is pushing a young child in a three wheel carriage.","( ( ( ( ( A man ) and ) ( two women ) ) ( are ( ( walking down ) ( a ( wooded path ) ) ) ) ) ( , ( ( the man ) ( ( is ( pushing ( ( a ( young child ) ) ( in ( a ( three ( wheel carriage ) ) ) ) ) ) ) . ) ) ) )","(ROOT (S (S (NP (NP (DT A) (NN man)) (CC and) (NP (CD two) (NNS women))) (VP (VBP are) (VP (VBG walking) (PRT (RP down)) (NP (DT a) (JJ wooded) (NN path))))) (, ,) (NP (DT the) (NN man)) (VP (VBZ is) (VP (VBG pushing) (NP (NP (DT a) (JJ young) (NN child)) (PP (IN in) (NP (DT a) (CD three) (NN wheel) (NN carriage)))))) (. .)))",Two guys kidnap a woman.,( ( Two guys ) ( ( kidnap ( a woman ) ) . ) ),(ROOT (S (NP (CD Two) (NNS guys)) (VP (VB kidnap) (NP (DT a) (NN woman))) (. .)))
"['entailment', 'neutral', 'entailment', 'entailment', 'neutral']",6620547703.jpg#2,entailment,6620547703.jpg#2r1e,Man and woman rowing on surfboards third rower in distance.,( ( ( ( Man ( and ( woman rowing ) ) ) ( on ( surfboards ( third rower ) ) ) ) ( in distance ) ) . ),(ROOT (NP (NP (NN Man) (CC and) (NN woman) (NN rowing)) (PP (IN on) (NP (JJ surfboards) (JJ third) (NN rower))) (PP (IN in) (NP (NN distance))) (. .))),Couples rowing on surfboards.,( Couples ( ( rowing ( on surfboards ) ) . ) ),(ROOT (S (NP (NNS Couples)) (VP (VBD rowing) (PP (IN on) (NP (NNS surfboards)))) (. .)))
"['entailment', 'neutral', 'entailment', 'neutral', 'neutral']",4941462834.jpg#4,neutral,4941462834.jpg#4r1e,Police are setting up a barricade due to a fire.,( Police ( ( are ( ( setting up ) ( ( a barricade ) ( due ( to ( a fire ) ) ) ) ) ) . ) ),(ROOT (S (NP (NNP Police)) (VP (VBP are) (VP (VBG setting) (PRT (RP up)) (NP (NP (DT a) (NN barricade)) (ADJP (JJ due) (PP (TO to) (NP (DT a) (NN fire))))))) (. .))),People in uniform are working near a fire.,( ( People ( in uniform ) ) ( ( are ( working ( near ( a fire ) ) ) ) . ) ),(ROOT (S (NP (NP (NNS People)) (PP (IN in) (NP (NN uniform)))) (VP (VBP are) (VP (VBG working) (PP (IN near) (NP (DT a) (NN fire))))) (. .)))
"['neutral', 'neutral', 'neutral', 'neutral', 'neutral']",4820525092.jpg#0,neutral,4820525092.jpg#0r1n,A young man sitting under a tree while others walk down the street.,( ( ( A ( young man ) ) ( ( sitting ( under ( a tree ) ) ) ( while ( others ( ( walk down ) ( the street ) ) ) ) ) ) . ),(ROOT (NP (NP (DT A) (JJ young) (NN man)) (VP (VBG sitting) (PP (IN under) (NP (DT a) (NN tree))) (SBAR (IN while) (S (NP (NNS others)) (VP (VBP walk) (PRT (RP down)) (NP (DT the) (NN street)))))) (. .))),A young man is resting.,( ( A ( young man ) ) ( ( is resting ) . ) ),(ROOT (S (NP (DT A) (JJ young) (NN man)) (VP (VBZ is) (VP (VBG resting))) (. .)))
"['neutral', 'neutral', 'neutral', 'entailment', 'neutral']",3836884647.jpg#3,neutral,3836884647.jpg#3r1n,A man walks by a building at night.,( ( A man ) ( ( walks ( by ( ( a building ) ( at night ) ) ) ) . ) ),(ROOT (S (NP (DT A) (NN man)) (VP (VBZ walks) (PP (IN by) (NP (NP (DT a) (NN building)) (PP (IN at) (NP (NN night)))))) (. .))),A man is in the city.,( ( A man ) ( ( is ( in ( the city ) ) ) . ) ),(ROOT (S (NP (DT A) (NN man)) (VP (VBZ is) (PP (IN in) (NP (DT the) (NN city)))) (. .)))
"['neutral', 'entailment', 'entailment', 'neutral', 'neutral']",3338210819.jpg#4,neutral,3338210819.jpg#4r1n,A silhouette of a man fishing.,( ( ( A silhouette ) ( of ( a ( man fishing ) ) ) ) . ),(ROOT (NP (NP (DT A) (NN silhouette)) (PP (IN of) (NP (DT a) (NN man) (NN fishing))) (. .))),A man took a fishing trip.,( ( A man ) ( ( took ( a ( fishing trip ) ) ) . ) ),(ROOT (S (NP (DT A) (NN man)) (VP (VBD took) (NP (DT a) (NN fishing) (NN trip))) (. .)))
"['neutral', 'neutral', 'neutral', 'neutral', 'neutral']",3557871242.jpg#3,neutral,3557871242.jpg#3r1n,A runner poses for a picture with friends in a parking lot.,( ( A runner ) ( ( poses ( for ( ( a picture ) ( with ( friends ( in ( a ( parking lot ) ) ) ) ) ) ) ) . ) ),(ROOT (S (NP (DT A) (NN runner)) (VP (VBZ poses) (PP (IN for) (NP (NP (DT a) (NN picture)) (PP (IN with) (NP (NP (NNS friends)) (PP (IN in) (NP (DT a) (NN parking) (NN lot)))))))) (. .))),The runner just got first place.,( ( The runner ) ( just ( ( got ( first place ) ) . ) ) ),(ROOT (S (NP (DT The) (NN runner)) (ADVP (RB just)) (VP (VBD got) (NP (JJ first) (NN place))) (. .)))
"['neutral', 'entailment', 'entailment', 'entailment', 'entailment']",1975531316.jpg#0,entailment,1975531316.jpg#0r1n,A dog with a purple leash is held by a woman wearing white shoes.,( ( ( A dog ) ( with ( a ( purple leash ) ) ) ) ( ( is ( held ( by ( ( a woman ) ( wearing ( white shoes ) ) ) ) ) ) . ) ),(ROOT (S (NP (NP (DT A) (NN dog)) (PP (IN with) (NP (DT a) (JJ purple) (NN leash)))) (VP (VBZ is) (VP (VBN held) (PP (IN by) (NP (NP (DT a) (NN woman)) (VP (VBG wearing) (NP (JJ white) (NNS shoes))))))) (. .))),A woman is holding a leash on her dog.,( ( A woman ) ( ( is ( holding ( ( a leash ) ( on ( her dog ) ) ) ) ) . ) ),(ROOT (S (NP (DT A) (NN woman)) (VP (VBZ is) (VP (VBG holding) (NP (NP (DT a) (NN leash)) (PP (IN on) (NP (PRP$ her) (NN dog)))))) (. .)))
"['neutral', 'neutral', 'entailment', 'entailment', 'entailment']",1979233991.jpg#1,entailment,1979233991.jpg#1r1n,An elderly lady holding a scruffy dog and smiling contently.,( ( ( An ( elderly lady ) ) ( ( ( holding ( a ( scruffy dog ) ) ) and ) ( smiling contently ) ) ) . ),(ROOT (NP (NP (DT An) (JJ elderly) (NN lady)) (VP (VP (VBG holding) (NP (DT a) (JJ scruffy) (NN dog))) (CC and) (VP (VBG smiling) (ADVP (RB contently)))) (. .))),a woman holding her scruffy dog,( a ( woman ( holding ( her ( scruffy dog ) ) ) ) ),(ROOT (FRAG (NP (DT a) (NN woman) (S (VP (VBG holding) (NP (PRP$ her) (JJ scruffy) (NN dog)))))))
"['contradiction', 'contradiction', 'neutral', 'contradiction', 'contradiction']",2899276965.jpg#1,contradiction,2899276965.jpg#1r1c,A man wearing black pants rides along a concrete ledge on rollerblades.,( ( ( A man ) ( ( wearing ( black ( pants rides ) ) ) ( along ( ( a ( concrete ledge ) ) ( on rollerblades ) ) ) ) ) . ),(ROOT (NP (NP (DT A) (NN man)) (VP (VBG wearing) (NP (JJ black) (NNS pants) (NNS rides)) (PP (IN along) (NP (NP (DT a) (JJ concrete) (NN ledge)) (PP (IN on) (NP (NNS rollerblades)))))) (. .))),The roller blade wheels are square.,( ( The ( roller ( blade wheels ) ) ) ( ( are square ) . ) ),(ROOT (S (NP (DT The) (NN roller) (NN blade) (NNS wheels)) (VP (VBP are) (ADJP (JJ square))) (. .)))
"['contradiction', 'contradiction', 'contradiction', 'contradiction', 'contradiction']",322628645.jpg#0,contradiction,322628645.jpg#0r1c,"An Asian woman in a purple shirt preparing a bowl of food for the younger Asian boy sitting near buy, while an Asian man eats a roll and prepares to take some food up with his chopsticks.","( ( ( ( An ( Asian woman ) ) ( in ( a ( purple shirt ) ) ) ) ( ( ( ( preparing ( ( a bowl ) ( of food ) ) ) ( for ( ( the ( younger ( Asian ( boy sitting ) ) ) ) ( near buy ) ) ) ) , ) ( while ( ( an ( Asian man ) ) ( ( ( eats ( a roll ) ) and ) ( prepares ( to ( ( ( take ( some food ) ) up ) ( with ( his chopsticks ) ) ) ) ) ) ) ) ) ) . )","(ROOT (NP (NP (NP (DT An) (JJ Asian) (NN woman)) (PP (IN in) (NP (DT a) (JJ purple) (NN shirt)))) (VP (VBG preparing) (NP (NP (DT a) (NN bowl)) (PP (IN of) (NP (NN food)))) (PP (IN for) (NP (NP (DT the) (JJR younger) (JJ Asian) (NN boy) (NN sitting)) (PP (IN near) (NP (NN buy))))) (, ,) (SBAR (IN while) (S (NP (DT an) (JJ Asian) (NN man)) (VP (VP (VBZ eats) (NP (DT a) (NN roll))) (CC and) (VP (VBZ prepares) (S (VP (TO to) (VP (VB take) (NP (DT some) (NN food)) (PRT (RP up)) (PP (IN with) (NP (PRP$ his) (NNS chopsticks))))))))))) (. .)))",A woman is doing the dishes.,( ( A woman ) ( ( is ( doing ( the dishes ) ) ) . ) ),(ROOT (S (NP (DT A) (NN woman)) (VP (VBZ is) (VP (VBG doing) (NP (DT the) (NNS dishes)))) (. .)))
"['neutral', 'neutral', 'neutral', 'neutral', 'neutral']",4972937159.jpg#0,neutral,4972937159.jpg#0r1n,"A man in a black suit with a cat on a leash is looking in a shop while the cat stands beside him staring the opposite direction of the man, as a woman in a green jacket, black pants and high heels has walked past both cat and man.","( ( ( A man ) ( in ( ( a ( black suit ) ) ( with ( ( a cat ) ( on ( a leash ) ) ) ) ) ) ) ( ( is ( ( looking ( in ( a shop ) ) ) ( while ( ( the cat ) ( stands ( beside ( him ( staring ( ( the ( opposite direction ) ) ( of ( ( ( the man ) , ) ( as ( ( ( a woman ) ( in ( ( ( ( ( a ( green jacket ) ) , ) ( black pants ) ) and ) ( high heels ) ) ) ) ( has ( walked ( past ( both ( ( cat and ) man ) ) ) ) ) ) ) ) ) ) ) ) ) ) ) ) ) ) . ) )","(ROOT (S (NP (NP (DT A) (NN man)) (PP (IN in) (NP (NP (DT a) (JJ black) (NN suit)) (PP (IN with) (NP (NP (DT a) (NN cat)) (PP (IN on) (NP (DT a) (NN leash)))))))) (VP (VBZ is) (VP (VBG looking) (PP (IN in) (NP (DT a) (NN shop))) (SBAR (IN while) (S (NP (DT the) (NN cat)) (VP (VBZ stands) (PP (IN beside) (S (NP (PRP him)) (VP (VBG staring) (NP (NP (DT the) (JJ opposite) (NN direction)) (PP (IN of) (NP (NP (DT the) (NN man)) (, ,) (SBAR (IN as) (S (NP (NP (DT a) (NN woman)) (PP (IN in) (NP (NP (DT a) (JJ green) (NN jacket)) (, ,) (NP (JJ black) (NNS pants)) (CC and) (NP (JJ high) (NNS heels))))) (VP (VBZ has) (VP (VBN walked) (PP (IN past) (NP (DT both) (NN cat) (CC and) (NN man)))))))))))))))))) (. .)))",A man taking his cat with him while running some errands.,( ( ( A man ) ( ( ( taking ( his cat ) ) ( with him ) ) ( while ( running ( some errands ) ) ) ) ) . ),(ROOT (NP (NP (DT A) (NN man)) (VP (VBG taking) (NP (PRP$ his) (NN cat)) (PP (IN with) (NP (PRP him))) (SBAR (IN while) (S (VP (VBG running) (NP (DT some) (NNS errands)))))) (. .)))
"['neutral', 'entailment', 'entailment', 'entailment', 'neutral']",69902502.jpg#1,entailment,69902502.jpg#1r1n,The man is trying to make a pottery that he can market soon.,( ( The man ) ( ( is ( trying ( to ( ( make ( a pottery ) ) ( that ( he ( can ( market soon ) ) ) ) ) ) ) ) . ) ),(ROOT (S (NP (DT The) (NN man)) (VP (VBZ is) (VP (VBG trying) (S (VP (TO to) (VP (VB make) (NP (DT a) (NN pottery)) (SBAR (IN that) (S (NP (PRP he)) (VP (MD can) (VP (VB market) (ADVP (RB soon))))))))))) (. .))),An old man is making pottery to sell.,( ( An ( old man ) ) ( ( is ( ( making pottery ) ( to sell ) ) ) . ) ),(ROOT (S (NP (DT An) (JJ old) (NN man)) (VP (VBZ is) (VP (VBG making) (NP (NN pottery)) (S (VP (TO to) (VP (VB sell)))))) (. .)))
"['entailment', 'entailment', 'entailment', 'entailment', 'entailment']",2407214681.jpg#1,entailment,2407214681.jpg#1r1e,Two small boys in blue soccer uniforms use a wooden set of steps to wash their hands in an adult-sized bathroom.,( ( ( Two ( small boys ) ) ( in ( blue ( soccer uniforms ) ) ) ) ( ( use ( ( ( a ( wooden set ) ) ( of steps ) ) ( to ( ( wash ( their hands ) ) ( in ( an ( adult-sized bathroom ) ) ) ) ) ) ) . ) ),(ROOT (S (NP (NP (CD Two) (JJ small) (NNS boys)) (PP (IN in) (NP (JJ blue) (NN soccer) (NNS uniforms)))) (VP (VBP use) (S (NP (NP (DT a) (JJ wooden) (NN set)) (PP (IN of) (NP (NNS steps)))) (VP (TO to) (VP (VB wash) (NP (PRP$ their) (NNS hands)) (PP (IN in) (NP (DT an) (JJ adult-sized) (NN bathroom))))))) (. .))),Two boys washing their hands,( ( Two boys ) ( washing ( their hands ) ) ),(ROOT (S (NP (NP (CD Two) (NNS boys)) (VP (VBG washing) (NP (PRP$ their) (NNS hands))))))
"['entailment', 'entailment', 'entailment', 'contradiction', 'entailment']",3364160101.jpg#2,entailment,3364160101.jpg#2r1e,Two lacrosse players are running on the sports-field.,( ( Two ( lacrosse players ) ) ( ( are ( running ( on ( the sports-field ) ) ) ) . ) ),(ROOT (S (NP (CD Two) (JJ lacrosse) (NNS players)) (VP (VBP are) (VP (VBG running) (PP (IN on) (NP (DT the) (NN sports-field))))) (. .))),Some of the people in the picture are at least fairly athletic.,( ( Some ( of ( ( the people ) ( in ( the picture ) ) ) ) ) ( ( are ( ( at least ) ( fairly athletic ) ) ) . ) ),(ROOT (S (NP (NP (DT Some)) (PP (IN of) (NP (NP (DT the) (NNS people)) (PP (IN in) (NP (DT the) (NN picture)))))) (VP (VBP are) (ADJP (ADVP (IN at) (JJS least)) (RB fairly) (JJ athletic))) (. .)))
"['neutral', 'neutral', 'entailment', 'neutral', 'neutral']",200797624.jpg#4,neutral,200797624.jpg#4r1n,Army men grilling a lot of meat while his troop looks on.,( ( Army men ) ( ( ( grilling ( ( a lot ) ( of meat ) ) ) ( while ( ( his troop ) ( looks on ) ) ) ) . ) ),(ROOT (S (NP (NNP Army) (NNS men)) (VP (VBD grilling) (NP (NP (DT a) (NN lot)) (PP (IN of) (NP (NN meat)))) (SBAR (IN while) (S (NP (PRP$ his) (NN troop)) (VP (VBZ looks) (PRT (RP on)))))) (. .))),The men here will eat a lot of food soon.,( ( The men ) ( here ( ( will ( ( eat ( ( a lot ) ( of food ) ) ) soon ) ) . ) ) ),(ROOT (S (NP (DT The) (NNS men)) (ADVP (RB here)) (VP (MD will) (VP (VB eat) (NP (NP (DT a) (NN lot)) (PP (IN of) (NP (NN food)))) (ADVP (RB soon)))) (. .)))
"['neutral', 'entailment', 'neutral', 'neutral', 'neutral']",4709236295.jpg#2,neutral,4709236295.jpg#2r1n,A woman with red-hair and large tattoo is sitting in a chair outside.,( ( ( A woman ) ( with ( red-hair ( and ( large tattoo ) ) ) ) ) ( ( is ( sitting ( in ( a ( chair outside ) ) ) ) ) . ) ),(ROOT (S (NP (NP (DT A) (NN woman)) (PP (IN with) (NP (JJ red-hair) (CC and) (JJ large) (NN tattoo)))) (VP (VBZ is) (VP (VBG sitting) (PP (IN in) (NP (DT a) (NN chair) (NN outside))))) (. .))),A lady is sitting at a table outside,( ( A lady ) ( is ( sitting ( at ( a ( table outside ) ) ) ) ) ),(ROOT (S (NP (DT A) (NN lady)) (VP (VBZ is) (VP (VBG sitting) (PP (IN at) (NP (DT a) (NN table) (NN outside)))))))
"['neutral', 'contradiction', 'contradiction', 'contradiction', 'neutral']",484093882.jpg#0,contradiction,484093882.jpg#0r1n,"A man in a white shirt, dark shorts and a red cap is standing in a small green rowboat with green oars, in the middle of what appears to be a shallow river, against a bank of tall dried grasses.","( ( ( A man ) ( in ( ( ( ( ( a ( white shirt ) ) , ) ( dark shorts ) ) and ) ( a ( red cap ) ) ) ) ) ( ( is ( ( ( standing ( in ( ( a ( small ( green rowboat ) ) ) ( with ( green oars ) ) ) ) ) , ) ( in ( ( the middle ) ( of ( what ( appears ( to ( ( ( be ( a ( shallow river ) ) ) , ) ( against ( ( a bank ) ( of ( tall ( dried grasses ) ) ) ) ) ) ) ) ) ) ) ) ) ) . ) )","(ROOT (S (NP (NP (DT A) (NN man)) (PP (IN in) (NP (NP (DT a) (JJ white) (NN shirt)) (, ,) (NP (JJ dark) (NNS shorts)) (CC and) (NP (DT a) (JJ red) (NN cap))))) (VP (VBZ is) (VP (VBG standing) (PP (IN in) (NP (NP (DT a) (JJ small) (JJ green) (NN rowboat)) (PP (IN with) (NP (JJ green) (NNS oars))))) (, ,) (PP (IN in) (NP (NP (DT the) (NN middle)) (PP (IN of) (SBAR (WHNP (WP what)) (S (VP (VBZ appears) (S (VP (TO to) (VP (VB be) (NP (DT a) (JJ shallow) (NN river)) (, ,) (PP (IN against) (NP (NP (DT a) (NN bank)) (PP (IN of) (NP (JJ tall) (VBN dried) (NNS grasses)))))))))))))))) (. .)))",The man is fishing in the lake.,( ( The man ) ( ( is ( fishing ( in ( the lake ) ) ) ) . ) ),(ROOT (S (NP (DT The) (NN man)) (VP (VBZ is) (VP (VBG fishing) (PP (IN in) (NP (DT the) (NN lake))))) (. .)))
"['neutral', 'contradiction', 'contradiction', 'contradiction', 'contradiction']",2574683131.jpg#3,contradiction,2574683131.jpg#3r1n,A man in a blue jacket standing at a table with his back to the camera.,( ( ( ( A man ) ( in ( a ( blue jacket ) ) ) ) ( ( standing ( at ( ( a table ) ( with ( his back ) ) ) ) ) ( to ( the camera ) ) ) ) . ),(ROOT (NP (NP (NP (DT A) (NN man)) (PP (IN in) (NP (DT a) (JJ blue) (NN jacket)))) (VP (VBG standing) (PP (IN at) (NP (NP (DT a) (NN table)) (PP (IN with) (NP (PRP$ his) (NN back))))) (PP (TO to) (NP (DT the) (NN camera)))) (. .))),the boy was listening,( ( the boy ) ( was listening ) ),(ROOT (S (NP (DT the) (NN boy)) (VP (VBD was) (VP (VBG listening)))))
"['contradiction', 'contradiction', 'neutral', 'neutral', 'neutral']",4508496980.jpg#0,neutral,4508496980.jpg#0r1c,Man walking down a brick sidewalk in a business suit reading a paper and smoking a cigar with a woman wearing sunglasses walking behind him to his left.,( Man ( ( ( ( ( ( walking down ) ( a ( brick sidewalk ) ) ) ( in ( ( a ( business suit ) ) ( reading ( a paper ) ) ) ) ) and ) ( ( smoking ( a cigar ) ) ( with ( ( a woman ) ( wearing ( sunglasses ( ( walking ( behind him ) ) ( to ( his left ) ) ) ) ) ) ) ) ) . ) ),(ROOT (S (NP (NNP Man)) (VP (VP (VBG walking) (PRT (RP down)) (NP (DT a) (NN brick) (NN sidewalk)) (PP (IN in) (NP (NP (DT a) (NN business) (NN suit)) (VP (VBG reading) (NP (DT a) (NN paper)))))) (CC and) (VP (VBG smoking) (NP (DT a) (NN cigar)) (PP (IN with) (NP (NP (DT a) (NN woman)) (VP (VBG wearing) (NP (NP (NNS sunglasses)) (VP (VBG walking) (PP (IN behind) (NP (PRP him))) (PP (TO to) (NP (PRP$ his) (NN left)))))))))) (. .))),The woman is a secret agent on mission to murder the man.,( ( The woman ) ( ( is ( ( ( a ( secret agent ) ) ( on mission ) ) ( to ( murder ( the man ) ) ) ) ) . ) ),(ROOT (S (NP (DT The) (NN woman)) (VP (VBZ is) (NP (NP (DT a) (JJ secret) (NN agent)) (PP (IN on) (NP (NN mission))) (S (VP (TO to) (VP (VB murder) (NP (DT the) (NN man))))))) (. .)))
"['contradiction', 'neutral', 'neutral', 'neutral', 'neutral']",4850944716.jpg#0,neutral,4850944716.jpg#0r1c,an older man wearing a suit has his arms folded behind his back and looking in a store window.,( ( ( an ( older man ) ) ( wearing ( a suit ) ) ) ( ( has ( ( his arms ) ( ( ( folded ( behind ( his back ) ) ) and ) ( looking ( in ( a ( store window ) ) ) ) ) ) ) . ) ),(ROOT (S (NP (NP (DT an) (JJR older) (NN man)) (VP (VBG wearing) (NP (DT a) (NN suit)))) (VP (VBZ has) (NP (NP (PRP$ his) (NNS arms)) (VP (VP (VBN folded) (PP (IN behind) (NP (PRP$ his) (NN back)))) (CC and) (VP (VBG looking) (PP (IN in) (NP (DT a) (NN store) (NN window))))))) (. .))),Well dressed looter.,( Well ( ( dressed looter ) . ) ),(ROOT (S (NP (NNP Well)) (VP (VBD dressed) (NP (NN looter))) (. .)))
"['entailment', 'entailment', 'entailment', 'neutral', 'entailment']",5614715384.jpg#1,entailment,5614715384.jpg#1r1e,A happy woman quite stands in front of a business that displays a closed sign and looks very animated.,( ( A ( happy woman ) ) ( quite ( ( stands ( in ( front ( of ( ( a business ) ( that ( ( ( displays ( a ( closed sign ) ) ) and ) ( looks ( very animated ) ) ) ) ) ) ) ) ) . ) ) ),(ROOT (S (NP (DT A) (JJ happy) (NN woman)) (ADVP (RB quite)) (VP (VBZ stands) (PP (IN in) (NP (NP (NN front)) (PP (IN of) (NP (NP (DT a) (NN business)) (SBAR (WHNP (WDT that)) (S (VP (VP (VBZ displays) (NP (DT a) (VBN closed) (NN sign))) (CC and) (VP (VBZ looks) (ADJP (RB very) (VBN animated))))))))))) (. .))),A woman happily stands by a bussiness showing a closed sign and looks very colorful.,( ( A woman ) ( ( ( ( happily ( stands ( by ( ( a bussiness ) ( showing ( a ( closed sign ) ) ) ) ) ) ) and ) ( looks ( very colorful ) ) ) . ) ),(ROOT (S (NP (DT A) (NN woman)) (VP (VP (ADVP (RB happily)) (VBZ stands) (PP (IN by) (NP (NP (DT a) (NNS bussiness)) (VP (VBG showing) (NP (DT a) (JJ closed) (NN sign)))))) (CC and) (VP (VBZ looks) (ADJP (RB very) (JJ colorful)))) (. .)))
"['entailment', 'entailment', 'entailment', 'entailment', 'entailment']",4580613274.jpg#1,entailment,4580613274.jpg#1r1e,A man with black clothing is sweeping steps with a broom.,( ( ( A man ) ( with ( black clothing ) ) ) ( ( is ( ( sweeping steps ) ( with ( a broom ) ) ) ) . ) ),(ROOT (S (NP (NP (DT A) (NN man)) (PP (IN with) (NP (JJ black) (NN clothing)))) (VP (VBZ is) (NP (NP (JJ sweeping) (NNS steps)) (PP (IN with) (NP (DT a) (NN broom))))) (. .))),The man is sweeping the steps.,( ( The man ) ( ( is ( sweeping ( the steps ) ) ) . ) ),(ROOT (S (NP (DT The) (NN man)) (VP (VBZ is) (VP (VBG sweeping) (NP (DT the) (NNS steps)))) (. .)))
"['entailment', 'neutral', 'entailment', 'entailment', 'entailment']",4950715878.jpg#1,entailment,4950715878.jpg#1r1e,A man in a black t-shirt and jeans in standing on the sidewalk looking at the camera as people walk by.,( ( ( A man ) ( in ( ( ( a ( black t-shirt ) ) and ) ( jeans ( in ( standing ( on ( ( the sidewalk ) ( looking ( at ( ( the camera ) ( as people ) ) ) ) ) ) ) ) ) ) ) ) ( ( walk by ) . ) ),(ROOT (S (NP (NP (DT A) (NN man)) (PP (IN in) (NP (NP (DT a) (JJ black) (NN t-shirt)) (CC and) (NP (NP (NNS jeans)) (PP (IN in) (S (VP (VBG standing) (PP (IN on) (NP (NP (DT the) (NN sidewalk)) (VP (VBG looking) (PP (IN at) (NP (NP (DT the) (NN camera)) (PP (IN as) (NP (NNS people))))))))))))))) (VP (VBP walk) (PP (IN by))) (. .))),There is a man in black outside on a busy sidewalk.,( There ( ( is ( ( a man ) ( in ( ( black outside ) ( on ( a ( busy sidewalk ) ) ) ) ) ) ) . ) ),(ROOT (S (NP (EX There)) (VP (VBZ is) (NP (NP (DT a) (NN man)) (PP (IN in) (NP (NP (JJ black) (NN outside)) (PP (IN on) (NP (DT a) (JJ busy) (NN sidewalk))))))) (. .)))
"['contradiction', 'neutral', 'contradiction', 'contradiction', 'contradiction']",2346468781.jpg#3,contradiction,2346468781.jpg#3r1c,Two friends having a laugh.,( ( ( Two friends ) ( having ( a laugh ) ) ) . ),(ROOT (NP (NP (CD Two) (NNS friends)) (VP (VBG having) (NP (DT a) (NN laugh))) (. .))),Two friends are having a picnic.,( ( Two friends ) ( ( are ( having ( a picnic ) ) ) . ) ),(ROOT (S (NP (CD Two) (NNS friends)) (VP (VBP are) (VP (VBG having) (NP (DT a) (NN picnic)))) (. .)))
"['entailment', 'entailment', 'entailment', 'entailment', 'entailment']",4937760215.jpg#4,entailment,4937760215.jpg#4r1e,Elderly woman climbing up the stairs.,( ( ( Elderly woman ) ( ( climbing up ) ( the stairs ) ) ) . ),(ROOT (NP (NP (JJ Elderly) (NN woman)) (VP (VBG climbing) (PRT (RP up)) (NP (DT the) (NNS stairs))) (. .))),The old lady was walking up the stairs.,( ( The ( old lady ) ) ( ( was ( ( walking up ) ( the stairs ) ) ) . ) ),(ROOT (S (NP (DT The) (JJ old) (NN lady)) (VP (VBD was) (VP (VBG walking) (PRT (RP up)) (NP (DT the) (NNS stairs)))) (. .)))
"['contradiction', 'neutral', 'neutral', 'neutral', 'neutral']",3538194939.jpg#0,neutral,3538194939.jpg#0r1c,A man wearing a blue apron and long rubber boots is dragging a flotation device from a long row of flotation devices.,( ( ( A man ) ( wearing ( ( ( a ( blue apron ) ) and ) ( long ( rubber boots ) ) ) ) ) ( ( is ( ( dragging ( a ( flotation device ) ) ) ( from ( ( a ( long row ) ) ( of ( flotation devices ) ) ) ) ) ) . ) ),(ROOT (S (NP (NP (DT A) (NN man)) (VP (VBG wearing) (NP (NP (DT a) (JJ blue) (NN apron)) (CC and) (NP (JJ long) (NN rubber) (NNS boots))))) (VP (VBZ is) (VP (VBG dragging) (NP (DT a) (NN flotation) (NN device)) (PP (IN from) (NP (NP (DT a) (JJ long) (NN row)) (PP (IN of) (NP (NN flotation) (NNS devices))))))) (. .))),A worker pulls up his long boots before climbing onto the flotation device.,( ( A worker ) ( ( ( ( pulls up ) ( his ( long boots ) ) ) ( before ( climbing ( onto ( the ( flotation device ) ) ) ) ) ) . ) ),(ROOT (S (NP (DT A) (NN worker)) (VP (VBZ pulls) (PRT (RP up)) (NP (PRP$ his) (JJ long) (NNS boots)) (PP (IN before) (S (VP (VBG climbing) (PP (IN onto) (NP (DT the) (NN flotation) (NN device))))))) (. .)))
"['neutral', 'neutral', 'neutral', 'contradiction', 'neutral']",4467029654.jpg#1,neutral,4467029654.jpg#1r1n,An African-American male youth is riding a green bicycle while other people are looking at pictures on a board.,( ( An ( African-American ( male youth ) ) ) ( ( is ( ( riding ( a ( green bicycle ) ) ) ( while ( ( other people ) ( are ( looking ( at ( pictures ( on ( a board ) ) ) ) ) ) ) ) ) ) . ) ),(ROOT (S (NP (DT An) (JJ African-American) (JJ male) (NN youth)) (VP (VBZ is) (VP (VBG riding) (NP (DT a) (JJ green) (NN bicycle)) (SBAR (IN while) (S (NP (JJ other) (NNS people)) (VP (VBP are) (VP (VBG looking) (PP (IN at) (NP (NP (NNS pictures)) (PP (IN on) (NP (DT a) (NN board))))))))))) (. .))),A boy is riding to the store to get some candy.,( ( A boy ) ( ( is ( ( riding ( to ( the store ) ) ) ( to ( get ( some candy ) ) ) ) ) . ) ),(ROOT (S (NP (DT A) (NN boy)) (VP (VBZ is) (VP (VBG riding) (PP (TO to) (NP (DT the) (NN store))) (S (VP (TO to) (VP (VB get) (NP (DT some) (NN candy))))))) (. .)))
"['contradiction', 'contradiction', 'contradiction', 'contradiction', 'contradiction']",4937201390.jpg#4,contradiction,4937201390.jpg#4r1c,A group of people are standing on steps in front of a building.,( ( ( A group ) ( of people ) ) ( ( are ( standing ( on ( steps ( in ( front ( of ( a building ) ) ) ) ) ) ) ) . ) ),(ROOT (S (NP (NP (DT A) (NN group)) (PP (IN of) (NP (NNS people)))) (VP (VBP are) (VP (VBG standing) (PP (IN on) (NP (NP (NNS steps)) (PP (IN in) (NP (NP (NN front)) (PP (IN of) (NP (DT a) (NN building))))))))) (. .))),A man in a blue shirt poses for the camera.,( ( ( A man ) ( in ( a ( blue shirt ) ) ) ) ( ( poses ( for ( the camera ) ) ) . ) ),(ROOT (S (NP (NP (DT A) (NN man)) (PP (IN in) (NP (DT a) (JJ blue) (NN shirt)))) (VP (VBZ poses) (PP (IN for) (NP (DT the) (NN camera)))) (. .)))
"['entailment', 'neutral', 'neutral', 'neutral', 'neutral']",2924908529.jpg#3,neutral,2924908529.jpg#3r1e,Women is small tops and skirts pose for the camera.,( Women ( ( is ( ( small ( ( tops and ) skirts ) ) ( pose ( for ( the camera ) ) ) ) ) . ) ),(ROOT (S (NP (NNP Women)) (VP (VBZ is) (S (NP (JJ small) (NNS tops) (CC and) (NNS skirts)) (VP (VB pose) (PP (IN for) (NP (DT the) (NN camera)))))) (. .))),The women are dressed nicely.,( ( The women ) ( ( are ( dressed nicely ) ) . ) ),(ROOT (S (NP (DT The) (NNS women)) (VP (VBP are) (VP (VBN dressed) (ADVP (RB nicely)))) (. .)))
"['neutral', 'neutral', 'neutral', 'neutral', 'contradiction']",571002259.jpg#3,neutral,571002259.jpg#3r1n,A tree worker with a hard hat is cutting down a branch.,( ( ( A ( tree worker ) ) ( with ( a ( hard hat ) ) ) ) ( ( is ( ( cutting down ) ( a branch ) ) ) . ) ),(ROOT (S (NP (NP (DT A) (NN tree) (NN worker)) (PP (IN with) (NP (DT a) (JJ hard) (NN hat)))) (VP (VBZ is) (VP (VBG cutting) (PRT (RP down)) (NP (DT a) (NN branch)))) (. .))),The tree appears to be dead.,( ( The tree ) ( ( appears ( to ( be dead ) ) ) . ) ),(ROOT (S (NP (DT The) (NN tree)) (VP (VBZ appears) (S (VP (TO to) (VP (VB be) (ADJP (JJ dead)))))) (. .)))
"['entailment', 'entailment', 'neutral', 'entailment', 'neutral']",283614756.jpg#3,entailment,283614756.jpg#3r1e,A man and a woman sitting down laughing.,( ( ( ( ( A man ) and ) ( a woman ) ) ( ( sitting down ) laughing ) ) . ),(ROOT (NP (NP (NP (DT A) (NN man)) (CC and) (NP (DT a) (NN woman))) (VP (VBG sitting) (PRT (RP down)) (S (VP (VBG laughing)))) (. .))),The man and woman are having a good time.,( ( The ( ( man and ) woman ) ) ( ( are ( having ( a ( good time ) ) ) ) . ) ),(ROOT (S (NP (DT The) (NN man) (CC and) (NN woman)) (VP (VBP are) (VP (VBG having) (NP (DT a) (JJ good) (NN time)))) (. .)))
"['contradiction', 'neutral', 'neutral', 'neutral', 'neutral']",4751162239.jpg#1,neutral,4751162239.jpg#1r1c,A teenage girl in a crowd of people looking up at something.,( ( ( ( A ( teenage girl ) ) ( in ( ( a crowd ) ( of people ) ) ) ) ( ( looking up ) ( at something ) ) ) . ),(ROOT (NP (NP (NP (DT A) (JJ teenage) (NN girl)) (PP (IN in) (NP (NP (DT a) (NN crowd)) (PP (IN of) (NP (NNS people)))))) (VP (VBG looking) (PRT (RP up)) (PP (IN at) (NP (NN something)))) (. .))),no one saw the rainbow in the sky,( ( no one ) ( ( saw ( the rainbow ) ) ( in ( the sky ) ) ) ),(ROOT (S (NP (DT no) (NN one)) (VP (VBD saw) (NP (DT the) (NN rainbow)) (PP (IN in) (NP (DT the) (NN sky))))))
"['contradiction', 'entailment', 'contradiction', 'contradiction', 'contradiction']",3620764461.jpg#3,contradiction,3620764461.jpg#3r1c,Children nap on a floor while others stand by.,( Children ( ( ( nap ( on ( a floor ) ) ) ( while ( others ( stand by ) ) ) ) . ) ),(ROOT (S (NP (NNP Children)) (VP (VBD nap) (PP (IN on) (NP (DT a) (NN floor))) (SBAR (IN while) (S (NP (NNS others)) (VP (VBP stand) (PP (IN by)))))) (. .))),Children are playing childish games while others stand by.,( Children ( ( are ( ( playing ( childish games ) ) ( while ( others ( stand by ) ) ) ) ) . ) ),(ROOT (S (NP (NNP Children)) (VP (VBP are) (VP (VBG playing) (NP (JJ childish) (NNS games)) (SBAR (IN while) (S (NP (NNS others)) (VP (VBP stand) (PP (IN by))))))) (. .)))
"['neutral', 'neutral', 'neutral', 'contradiction', 'entailment']",261737543.jpg#1,neutral,261737543.jpg#1r1n,A man jumps off a cliff with a city view below.,( ( A man ) ( ( ( jumps off ) ( ( a cliff ) ( with ( ( a ( city view ) ) below ) ) ) ) . ) ),(ROOT (S (NP (DT A) (NN man)) (VP (VBZ jumps) (PRT (RP off)) (NP (NP (DT a) (NN cliff)) (PP (IN with) (NP (NP (DT a) (NN city) (NN view)) (ADVP (IN below)))))) (. .))),Man parachutes off a cliff with a scenic view.,( Man ( ( ( parachutes off ) ( ( a cliff ) ( with ( a ( scenic view ) ) ) ) ) . ) ),(ROOT (S (NP (NNP Man)) (VP (VBZ parachutes) (PRT (RP off)) (NP (NP (DT a) (NN cliff)) (PP (IN with) (NP (DT a) (JJ scenic) (NN view))))) (. .)))
"['entailment', 'contradiction', 'contradiction', 'contradiction', 'neutral']",3375920709.jpg#4,contradiction,3375920709.jpg#4r1e,Dog running through the snow.,( ( Dog ( running ( through ( the snow ) ) ) ) . ),(ROOT (NP (NP (NNP Dog)) (VP (VBG running) (PP (IN through) (NP (DT the) (NN snow)))) (. .))),A dog tries out frozen water.,( ( A dog ) ( ( tries ( out ( frozen water ) ) ) . ) ),(ROOT (S (NP (DT A) (NN dog)) (VP (VBZ tries) (PP (IN out) (NP (VBN frozen) (NN water)))) (. .)))
"['contradiction', 'contradiction', 'entailment', 'contradiction', 'contradiction']",2504010674.jpg#0,contradiction,2504010674.jpg#0r1c,A man in a suit with gold buttons and a name tag gestures with his hands as he speaks to another man in a dress shirt who is holding a beverage in a glass.,( ( ( A man ) ( in ( ( a suit ) ( with ( ( ( gold buttons ) and ) ( a ( name tag ) ) ) ) ) ) ) ( ( ( gestures ( with ( his hands ) ) ) ( as ( he ( speaks ( to ( ( ( another man ) ( in ( a ( dress shirt ) ) ) ) ( who ( is ( holding ( ( a beverage ) ( in ( a glass ) ) ) ) ) ) ) ) ) ) ) ) . ) ),(ROOT (S (NP (NP (DT A) (NN man)) (PP (IN in) (NP (NP (DT a) (NN suit)) (PP (IN with) (NP (NP (JJ gold) (NNS buttons)) (CC and) (NP (DT a) (NN name) (NN tag))))))) (VP (VBD gestures) (PP (IN with) (NP (PRP$ his) (NNS hands))) (SBAR (IN as) (S (NP (PRP he)) (VP (VBZ speaks) (PP (TO to) (NP (NP (DT another) (NN man)) (PP (IN in) (NP (DT a) (NN dress) (NN shirt))) (SBAR (WHNP (WP who)) (S (VP (VBZ is) (VP (VBG holding) (NP (NP (DT a) (NN beverage)) (PP (IN in) (NP (DT a) (NN glass)))))))))))))) (. .))),A man in a suit with gold bricks and a name tag gestures with his hands,( ( ( A man ) ( in ( ( a suit ) ( with ( ( ( gold bricks ) and ) ( a name ) ) ) ) ) ) ( ( tag gestures ) ( with ( his hands ) ) ) ),(ROOT (NP (NP (NP (DT A) (NN man)) (PP (IN in) (NP (NP (DT a) (NN suit)) (PP (IN with) (NP (NP (JJ gold) (NNS bricks)) (CC and) (NP (DT a) (NN name))))))) (NP (NP (NN tag) (NNS gestures)) (PP (IN with) (NP (PRP$ his) (NNS hands))))))
"['neutral', 'neutral', 'neutral', 'entailment', 'neutral']",4526883901.jpg#2,neutral,4526883901.jpg#2r1n,An old gray-haired man with glasses in a gray t-shirt is working on a sculpture.,( ( ( An ( old ( gray-haired man ) ) ) ( with ( glasses ( in ( a ( gray t-shirt ) ) ) ) ) ) ( ( is ( working ( on ( a sculpture ) ) ) ) . ) ),(ROOT (S (NP (NP (DT An) (JJ old) (JJ gray-haired) (NN man)) (PP (IN with) (NP (NP (NNS glasses)) (PP (IN in) (NP (DT a) (JJ gray) (NN t-shirt)))))) (VP (VBZ is) (VP (VBG working) (PP (IN on) (NP (DT a) (NN sculpture))))) (. .))),The man is 100 years old,( ( The man ) ( is ( ( 100 years ) old ) ) ),(ROOT (S (NP (DT The) (NN man)) (VP (VBZ is) (ADJP (NP (CD 100) (NNS years)) (JJ old)))))
"['neutral', 'neutral', 'neutral', 'neutral', 'neutral']",708860480.jpg#0,neutral,708860480.jpg#0r1n,A boy is standing in a pool getting splashed with water.,( ( A boy ) ( ( is ( standing ( in ( ( a pool ) ( ( getting splashed ) ( with water ) ) ) ) ) ) . ) ),(ROOT (S (NP (DT A) (NN boy)) (VP (VBZ is) (VP (VBG standing) (PP (IN in) (NP (NP (DT a) (NN pool)) (VP (VBG getting) (ADVP (RB splashed)) (PP (IN with) (NP (NN water)))))))) (. .))),The boy is in swimming clothes.,( ( The boy ) ( ( is ( in ( swimming clothes ) ) ) . ) ),(ROOT (S (NP (DT The) (NN boy)) (VP (VBZ is) (PP (IN in) (NP (VBG swimming) (NNS clothes)))) (. .)))
"['contradiction', 'contradiction', 'neutral', 'neutral', 'neutral']",4441493820.jpg#4,neutral,4441493820.jpg#4r1c,Man recording a video of a woman.,( ( Man ( recording ( ( a video ) ( of ( a woman ) ) ) ) ) . ),(ROOT (NP (NP (NNP Man)) (VP (VBG recording) (NP (NP (DT a) (NN video)) (PP (IN of) (NP (DT a) (NN woman))))) (. .))),A man is taking a woman on a date.,( ( A man ) ( ( is ( taking ( ( a woman ) ( on ( a date ) ) ) ) ) . ) ),(ROOT (S (NP (DT A) (NN man)) (VP (VBZ is) (VP (VBG taking) (NP (NP (DT a) (NN woman)) (PP (IN on) (NP (DT a) (NN date)))))) (. .)))
"['contradiction', 'contradiction', 'contradiction', 'contradiction', 'contradiction']",1434607942.jpg#0,contradiction,1434607942.jpg#0r1c,A small child in a red jacket is sitting on a man's shoulders and holding his head.,( ( ( A ( small child ) ) ( in ( a ( red jacket ) ) ) ) ( ( is ( ( ( sitting ( on ( ( a ( man 's ) ) shoulders ) ) ) and ) ( holding ( his head ) ) ) ) . ) ),(ROOT (S (NP (NP (DT A) (JJ small) (NN child)) (PP (IN in) (NP (DT a) (JJ red) (NN jacket)))) (VP (VBZ is) (VP (VP (VBG sitting) (PP (IN on) (NP (NP (DT a) (NN man) (POS 's)) (NNS shoulders)))) (CC and) (VP (VBG holding) (NP (PRP$ his) (NN head))))) (. .))),A small child is standing by the man.,( ( A ( small child ) ) ( ( is ( standing ( by ( the man ) ) ) ) . ) ),(ROOT (S (NP (DT A) (JJ small) (NN child)) (VP (VBZ is) (VP (VBG standing) (PP (IN by) (NP (DT the) (NN man))))) (. .)))
"['entailment', 'neutral', 'neutral', 'neutral', 'neutral']",2766954299.jpg#2,neutral,2766954299.jpg#2r1e,Two oriental older women gathering rice from the fields.,( ( ( Two ( oriental ( older women ) ) ) ( ( gathering rice ) ( from ( the fields ) ) ) ) . ),(ROOT (NP (NP (CD Two) (JJ oriental) (JJR older) (NNS women)) (VP (VBG gathering) (NP (NN rice)) (PP (IN from) (NP (DT the) (NNS fields)))) (. .))),Some Asian women are walking in the field of rice.,( ( Some ( Asian women ) ) ( ( are ( walking ( in ( ( the field ) ( of rice ) ) ) ) ) . ) ),(ROOT (S (NP (DT Some) (JJ Asian) (NNS women)) (VP (VBP are) (VP (VBG walking) (PP (IN in) (NP (NP (DT the) (NN field)) (PP (IN of) (NP (NN rice))))))) (. .)))
"['neutral', 'entailment', 'entailment', 'entailment', 'entailment']",5759427006.jpg#0,entailment,5759427006.jpg#0r1n,A small child dressed for winter stares across a lake while leaning on a mesh fence in a scenic park setting.,( ( A ( small child ) ) ( ( ( dressed ( for ( winter stares ) ) ) ( across ( ( a ( lake while ) ) ( leaning ( on ( ( a ( mesh fence ) ) ( in ( a ( scenic ( park setting ) ) ) ) ) ) ) ) ) ) . ) ),(ROOT (S (NP (DT A) (JJ small) (NN child)) (VP (VBD dressed) (PP (IN for) (NP (NN winter) (NNS stares))) (PP (IN across) (NP (NP (DT a) (NN lake) (NN while)) (VP (VBG leaning) (PP (IN on) (NP (NP (DT a) (NN mesh) (NN fence)) (PP (IN in) (NP (DT a) (JJ scenic) (NN park) (NN setting))))))))) (. .))),A small child dressed for winter stares across a large lake while leaning on a mesh fence,( ( A ( small child ) ) ( ( dressed ( for ( winter stares ) ) ) ( across ( ( a ( large ( lake while ) ) ) ( leaning ( on ( a ( mesh fence ) ) ) ) ) ) ) ),(ROOT (S (NP (DT A) (JJ small) (NN child)) (VP (VBD dressed) (PP (IN for) (NP (NN winter) (NNS stares))) (PP (IN across) (NP (NP (DT a) (JJ large) (NN lake) (NN while)) (VP (VBG leaning) (PP (IN on) (NP (DT a) (NN mesh) (NN fence)))))))))
"['entailment', 'neutral', 'neutral', 'neutral', 'entailment']",4701188650.jpg#0,neutral,4701188650.jpg#0r1e,A young man waits on a bench with his bag behind a few advertisements in London.,( ( A ( young man ) ) ( ( ( waits ( on ( ( a bench ) ( with ( his bag ) ) ) ) ) ( behind ( ( a ( few advertisements ) ) ( in London ) ) ) ) . ) ),(ROOT (S (NP (DT A) (JJ young) (NN man)) (VP (VBZ waits) (PP (IN on) (NP (NP (DT a) (NN bench)) (PP (IN with) (NP (PRP$ his) (NN bag))))) (PP (IN behind) (NP (NP (DT a) (JJ few) (NNS advertisements)) (PP (IN in) (NP (NNP London)))))) (. .))),A young man waits outdoors in London on a bench.,( ( A ( young man ) ) ( ( ( waits outdoors ) ( in ( London ( on ( a bench ) ) ) ) ) . ) ),(ROOT (S (NP (DT A) (JJ young) (NN man)) (VP (VBZ waits) (ADVP (RB outdoors)) (PP (IN in) (NP (NP (NNP London)) (PP (IN on) (NP (DT a) (NN bench)))))) (. .)))
"['contradiction', 'contradiction', 'contradiction', 'contradiction', 'contradiction']",4670365996.jpg#1,contradiction,4670365996.jpg#1r1c,"Woman in a blue dress and carrying a black purse, rides a scooter down the street.","( ( Woman ( in ( a ( blue dress ) ) ) ) ( and ( ( carrying ( a ( black purse ) ) ) ( , ( ( ( rides ( a scooter ) ) ( down ( the street ) ) ) . ) ) ) ) )","(ROOT (S (NP (NP (NNP Woman)) (PP (IN in) (NP (DT a) (JJ blue) (NN dress)))) (CC and) (S (VP (VBG carrying) (NP (DT a) (JJ black) (NN purse)))) (, ,) (VP (VBD rides) (NP (DT a) (NN scooter)) (PP (IN down) (NP (DT the) (NN street)))) (. .)))",the girl is wearing a black dress and a blue purse,( ( the girl ) ( is ( wearing ( ( ( a ( black dress ) ) and ) ( a ( blue purse ) ) ) ) ) ),(ROOT (S (NP (DT the) (NN girl)) (VP (VBZ is) (VP (VBG wearing) (NP (NP (DT a) (JJ black) (NN dress)) (CC and) (NP (DT a) (JJ blue) (NN purse)))))))
"['neutral', 'neutral', 'contradiction', 'neutral', 'neutral']",2124926718.jpg#2,neutral,2124926718.jpg#2r1n,A large group of people populate a dimly lit room.,( ( ( A ( large group ) ) ( of people ) ) ( ( populate ( a ( ( dimly lit ) room ) ) ) . ) ),(ROOT (S (NP (NP (DT A) (JJ large) (NN group)) (PP (IN of) (NP (NNS people)))) (VP (VB populate) (NP (DT a) (ADJP (RB dimly) (VBN lit)) (NN room))) (. .))),A group of people are partying in the large room.,( ( ( A group ) ( of people ) ) ( ( are ( partying ( in ( the ( large room ) ) ) ) ) . ) ),(ROOT (S (NP (NP (DT A) (NN group)) (PP (IN of) (NP (NNS people)))) (VP (VBP are) (VP (VBG partying) (PP (IN in) (NP (DT the) (JJ large) (NN room))))) (. .)))
"['neutral', 'entailment', 'neutral', 'neutral', 'entailment']",2629784415.jpg#0,neutral,2629784415.jpg#0r1n,A large display of artifacts are in a large room and around a very large display are six people with two people near wooden benches.,( ( ( A ( large display ) ) ( of artifacts ) ) ( ( ( ( are ( in ( a ( large room ) ) ) ) and ) ( ( around ( a ( ( very large ) display ) ) ) ( are ( ( six people ) ( with ( ( two people ) ( near ( wooden benches ) ) ) ) ) ) ) ) . ) ),(ROOT (S (NP (NP (DT A) (JJ large) (NN display)) (PP (IN of) (NP (NNS artifacts)))) (VP (VP (VBP are) (PP (IN in) (NP (DT a) (JJ large) (NN room)))) (CC and) (VP (PP (IN around) (NP (DT a) (ADJP (RB very) (JJ large)) (NN display))) (VBP are) (NP (NP (CD six) (NNS people)) (PP (IN with) (NP (NP (CD two) (NNS people)) (PP (IN near) (NP (JJ wooden) (NNS benches)))))))) (. .))),People stand in front of the new display,( People ( stand ( in ( front ( of ( the ( new display ) ) ) ) ) ) ),(ROOT (S (NP (NNS People)) (VP (VBP stand) (PP (IN in) (NP (NP (NN front)) (PP (IN of) (NP (DT the) (JJ new) (NN display))))))))
"['neutral', 'contradiction', 'neutral', 'neutral', 'neutral']",6935146937.jpg#0,neutral,6935146937.jpg#0r1n,A basketball player with green shoes is dunking the ball in the net while the arena crowd looks on.,( ( ( A ( basketball player ) ) ( with ( green shoes ) ) ) ( ( is ( ( dunking ( ( the ball ) ( in ( the net ) ) ) ) ( while ( ( the ( arena crowd ) ) ( looks on ) ) ) ) ) . ) ),(ROOT (S (NP (NP (DT A) (NN basketball) (NN player)) (PP (IN with) (NP (JJ green) (NNS shoes)))) (VP (VBZ is) (VP (VBG dunking) (NP (NP (DT the) (NN ball)) (PP (IN in) (NP (DT the) (NN net)))) (SBAR (IN while) (S (NP (DT the) (NN arena) (NN crowd)) (VP (VBZ looks) (PRT (RP on))))))) (. .))),A famous NBA player is playing street ball in front of a crowd.,( ( A ( famous ( NBA player ) ) ) ( ( is ( ( playing ( street ball ) ) ( in ( front ( of ( a crowd ) ) ) ) ) ) . ) ),(ROOT (S (NP (DT A) (JJ famous) (NNP NBA) (NN player)) (VP (VBZ is) (VP (VBG playing) (NP (NN street) (NN ball)) (PP (IN in) (NP (NP (NN front)) (PP (IN of) (NP (DT a) (NN crowd))))))) (. .)))
"['neutral', 'neutral', 'entailment', 'neutral', 'neutral']",5503955724.jpg#0,neutral,5503955724.jpg#0r1n,"Stretching high in the air, the player in the black shirt reaches for the football as the other stretches toward him to steal it away.","( ( ( Stretching high ) ( in ( the air ) ) ) ( , ( ( ( the player ) ( in ( the ( black shirt ) ) ) ) ( ( ( reaches ( for ( ( the football ) ( as ( ( the ( other stretches ) ) ( toward him ) ) ) ) ) ) ( to ( ( steal it ) away ) ) ) . ) ) ) )","(ROOT (S (S (VP (VBG Stretching) (ADJP (JJ high)) (PP (IN in) (NP (DT the) (NN air))))) (, ,) (NP (NP (DT the) (NN player)) (PP (IN in) (NP (DT the) (JJ black) (NN shirt)))) (VP (VBZ reaches) (PP (IN for) (NP (NP (DT the) (NN football)) (PP (IN as) (NP (NP (DT the) (JJ other) (NNS stretches)) (PP (IN toward) (NP (PRP him))))))) (S (VP (TO to) (VP (VB steal) (NP (PRP it)) (ADVP (RB away)))))) (. .)))",A football game is being played.,( ( A ( football game ) ) ( ( is ( being played ) ) . ) ),(ROOT (S (NP (DT A) (NN football) (NN game)) (VP (VBZ is) (VP (VBG being) (VP (VBN played)))) (. .)))
"['entailment', 'neutral', 'neutral', 'entailment', 'neutral']",4850944716.jpg#0,neutral,4850944716.jpg#0r1e,an older man wearing a suit has his arms folded behind his back and looking in a store window.,( ( ( an ( older man ) ) ( wearing ( a suit ) ) ) ( ( has ( ( his arms ) ( ( ( folded ( behind ( his back ) ) ) and ) ( looking ( in ( a ( store window ) ) ) ) ) ) ) . ) ),(ROOT (S (NP (NP (DT an) (JJR older) (NN man)) (VP (VBG wearing) (NP (DT a) (NN suit)))) (VP (VBZ has) (NP (NP (PRP$ his) (NNS arms)) (VP (VP (VBN folded) (PP (IN behind) (NP (PRP$ his) (NN back)))) (CC and) (VP (VBG looking) (PP (IN in) (NP (DT a) (NN store) (NN window))))))) (. .))),Gentleman window shops.,( ( Gentleman ( window shops ) ) . ),(ROOT (S (VP (VB Gentleman) (NP (NN window) (NNS shops))) (. .)))
"['neutral', 'entailment', 'neutral', 'neutral', 'neutral']",4842087231.jpg#4,neutral,4842087231.jpg#4r1n,A young lady toying with her watch.,( ( ( A ( young lady ) ) ( toying ( with ( her watch ) ) ) ) . ),(ROOT (NP (NP (DT A) (JJ young) (NN lady)) (VP (VBG toying) (PP (IN with) (NP (PRP$ her) (NN watch)))) (. .))),A woman is adjusting the time on her watch.,( ( A woman ) ( ( is ( adjusting ( ( the time ) ( on ( her watch ) ) ) ) ) . ) ),(ROOT (S (NP (DT A) (NN woman)) (VP (VBZ is) (VP (VBG adjusting) (NP (NP (DT the) (NN time)) (PP (IN on) (NP (PRP$ her) (NN watch)))))) (. .)))
"['entailment', 'neutral', 'neutral', 'neutral', 'entailment']",2638981862.jpg#1,neutral,2638981862.jpg#1r1e,Two small boys dressed in tuxedos sitting on a red carpeted floor.,( ( Two ( small boys ) ) ( ( dressed ( in ( tuxedos ( sitting ( on ( a ( red ( carpeted floor ) ) ) ) ) ) ) ) . ) ),(ROOT (S (NP (CD Two) (JJ small) (NNS boys)) (VP (VBD dressed) (PP (IN in) (NP (NP (NNS tuxedos)) (VP (VBG sitting) (PP (IN on) (NP (DT a) (JJ red) (VBN carpeted) (NN floor))))))) (. .))),Two well dressed boys sit on a red carpet floor inside of a home.,( ( Two ( ( well dressed ) boys ) ) ( ( sit ( on ( ( a ( red ( carpet floor ) ) ) ( inside ( of ( a home ) ) ) ) ) ) . ) ),(ROOT (S (NP (CD Two) (ADJP (RB well) (VBN dressed)) (NNS boys)) (VP (VBP sit) (PP (IN on) (NP (NP (DT a) (JJ red) (NN carpet) (NN floor)) (PP (JJ inside) (IN of) (NP (DT a) (NN home)))))) (. .)))
"['contradiction', 'contradiction', 'entailment', 'contradiction', 'contradiction']",3691288174.jpg#1,contradiction,3691288174.jpg#1r1c,A street performer is entertaining a gathered audience with the help of a young boy.,( ( A ( street performer ) ) ( ( is ( ( entertaining ( a ( gathered audience ) ) ) ( with ( ( the help ) ( of ( a ( young boy ) ) ) ) ) ) ) . ) ),(ROOT (S (NP (DT A) (NN street) (NN performer)) (VP (VBZ is) (VP (VBG entertaining) (NP (DT a) (JJ gathered) (NN audience)) (PP (IN with) (NP (NP (DT the) (NN help)) (PP (IN of) (NP (DT a) (JJ young) (NN boy))))))) (. .))),A boy is performing on stage.,( ( A boy ) ( ( is ( performing ( on stage ) ) ) . ) ),(ROOT (S (NP (DT A) (NN boy)) (VP (VBZ is) (VP (VBG performing) (PP (IN on) (NP (NN stage))))) (. .)))
"['neutral', 'neutral', 'entailment', 'neutral', 'neutral']",4337871573.jpg#0,neutral,4337871573.jpg#0r1n,"A man, wearing a white hate and sunglasses, is sitting in a white truck that says ""Coast Gas"".","( ( ( ( ( A man ) , ) ( wearing ( ( ( a ( white hate ) ) and ) sunglasses ) ) ) , ) ( ( is ( sitting ( in ( ( a ( white truck ) ) ( that ( says ( `` ( ( Coast Gas ) '' ) ) ) ) ) ) ) ) . ) )","(ROOT (S (NP (NP (DT A) (NN man)) (, ,) (VP (VBG wearing) (NP (NP (DT a) (JJ white) (NN hate)) (CC and) (NP (NNS sunglasses)))) (, ,)) (VP (VBZ is) (VP (VBG sitting) (PP (IN in) (NP (NP (DT a) (JJ white) (NN truck)) (SBAR (WHNP (WDT that)) (S (VP (VBZ says) (S (`` ``) (NP (NNP Coast) (NNP Gas)) ('' ''))))))))) (. .)))",A man is sitting on a truck at a gas station.,( ( A man ) ( ( is ( sitting ( on ( ( a truck ) ( at ( a ( gas station ) ) ) ) ) ) ) . ) ),(ROOT (S (NP (DT A) (NN man)) (VP (VBZ is) (VP (VBG sitting) (PP (IN on) (NP (NP (DT a) (NN truck)) (PP (IN at) (NP (DT a) (NN gas) (NN station))))))) (. .)))
"['neutral', 'contradiction', 'contradiction', 'contradiction', 'contradiction']",8058635660.jpg#0,contradiction,8058635660.jpg#0r1n,"A person of indeterminate sex wearing a dark hat, neutral pants, and a red shirt walking up a rocky slope at high altitude in the daytime.","( ( ( ( A person ) ( of ( indeterminate sex ) ) ) ( ( wearing ( ( ( ( ( ( a ( dark hat ) ) , ) ( neutral pants ) ) , ) and ) ( a ( red shirt ) ) ) ) ( ( ( walking up ) ( a ( rocky slope ) ) ) ( at ( ( high altitude ) ( in ( the daytime ) ) ) ) ) ) ) . )","(ROOT (NP (NP (NP (DT A) (NN person)) (PP (IN of) (NP (JJ indeterminate) (NN sex)))) (VP (VBG wearing) (NP (NP (DT a) (JJ dark) (NN hat)) (, ,) (NP (JJ neutral) (NNS pants)) (, ,) (CC and) (NP (DT a) (JJ red) (NN shirt))) (S (VP (VBG walking) (PRT (RP up)) (NP (DT a) (JJ rocky) (NN slope)) (PP (IN at) (NP (NP (JJ high) (NN altitude)) (PP (IN in) (NP (DT the) (NN daytime)))))))) (. .)))",A person is getting ready to snowboard down a hill with one leg,( ( A person ) ( is ( getting ( ready ( to ( ( snowboard down ) ( ( a hill ) ( with ( one leg ) ) ) ) ) ) ) ) ),(ROOT (S (NP (DT A) (NN person)) (VP (VBZ is) (VP (VBG getting) (ADJP (JJ ready) (S (VP (TO to) (VP (VB snowboard) (PRT (RP down)) (NP (NP (DT a) (NN hill)) (PP (IN with) (NP (CD one) (NN leg))))))))))))
"['neutral', 'contradiction', 'neutral', 'neutral', 'neutral']",4546706008.jpg#2,neutral,4546706008.jpg#2r1n,Man and a woman at the side of a table covered in books.,( ( ( Man and ) ( ( a woman ) ( at ( ( the side ) ( of ( a table ) ) ) ) ) ) ( ( covered ( in books ) ) . ) ),(ROOT (S (NP (NP (NNP Man)) (CC and) (NP (NP (DT a) (NN woman)) (PP (IN at) (NP (NP (DT the) (NN side)) (PP (IN of) (NP (DT a) (NN table))))))) (VP (VBN covered) (PP (IN in) (NP (NNS books)))) (. .))),Two people are shielded by paperbacks.,( ( Two people ) ( ( are ( shielded ( by paperbacks ) ) ) . ) ),(ROOT (S (NP (CD Two) (NNS people)) (VP (VBP are) (VP (VBN shielded) (PP (IN by) (NP (NNS paperbacks))))) (. .)))
"['entailment', 'contradiction', 'entailment', 'neutral', 'entailment']",2795866891.jpg#3,entailment,2795866891.jpg#3r1e,A boy in shorts doing a skateboard trick.,( ( ( ( A boy ) ( in shorts ) ) ( doing ( a ( skateboard trick ) ) ) ) . ),(ROOT (NP (NP (NP (DT A) (NN boy)) (PP (IN in) (NP (NNS shorts)))) (VP (VBG doing) (NP (DT a) (JJ skateboard) (NN trick))) (. .))),a boy engaged in a leisure activity,( ( a boy ) ( engaged ( in ( a ( leisure activity ) ) ) ) ),(ROOT (S (NP (DT a) (NN boy)) (VP (VBN engaged) (PP (IN in) (NP (DT a) (NN leisure) (NN activity))))))
"['contradiction', 'neutral', 'neutral', 'contradiction', 'contradiction']",3303507839.jpg#3,contradiction,3303507839.jpg#3r1c,Three kids in a forest standing on a tree log.,( ( ( Three kids ) ( in ( ( a ( forest standing ) ) ( on ( a tree ) ) ) ) ) ( log . ) ),(ROOT (S (NP (NP (CD Three) (NNS kids)) (PP (IN in) (NP (NP (DT a) (NN forest) (NN standing)) (PP (IN on) (NP (DT a) (NN tree)))))) (VP (VBP log)) (. .))),Children chopping down tree in woods.,( ( Children ( ( chopping down ) ( tree ( in woods ) ) ) ) . ),(ROOT (NP (NP (NNS Children)) (VP (VBG chopping) (PRT (RP down)) (NP (NP (NN tree)) (PP (IN in) (NP (NNS woods))))) (. .)))
"['contradiction', 'contradiction', 'neutral', 'contradiction', 'contradiction']",2421367904.jpg#0,contradiction,2421367904.jpg#0r1c,A group of people examine a boat with an orange flag that is sitting on sand next to a body of water.,( ( ( A group ) ( of people ) ) ( ( ( examine ( a boat ) ) ( with ( ( an ( orange flag ) ) ( that ( is ( ( sitting ( on sand ) ) ( next ( to ( ( a body ) ( of water ) ) ) ) ) ) ) ) ) ) . ) ),(ROOT (S (NP (NP (DT A) (NN group)) (PP (IN of) (NP (NNS people)))) (VP (VBP examine) (NP (DT a) (NN boat)) (PP (IN with) (NP (NP (DT an) (JJ orange) (NN flag)) (SBAR (WHNP (WDT that)) (S (VP (VBZ is) (VP (VBG sitting) (PP (IN on) (NP (NN sand))) (ADVP (JJ next) (PP (TO to) (NP (NP (DT a) (NN body)) (PP (IN of) (NP (NN water))))))))))))) (. .))),People don't like sand.,( People ( ( ( do n't ) ( like sand ) ) . ) ),(ROOT (S (NP (NNS People)) (VP (VBP do) (RB n't) (VP (VB like) (NP (NN sand)))) (. .)))
"['entailment', 'entailment', 'neutral', 'entailment', 'entailment']",3296500180.jpg#1,entailment,3296500180.jpg#1r1e,Man jumping over a rusty fence on a blue bicycle.,( ( Man ( jumping ( over ( ( a ( rusty fence ) ) ( on ( a ( blue bicycle ) ) ) ) ) ) ) . ),(ROOT (NP (NP (NNP Man)) (VP (VBG jumping) (PP (IN over) (NP (NP (DT a) (JJ rusty) (NN fence)) (PP (IN on) (NP (DT a) (JJ blue) (NN bicycle)))))) (. .))),Man doing a trick riding his bicycle.,( ( Man ( ( doing ( a trick ) ) ( riding ( his bicycle ) ) ) ) . ),(ROOT (NP (NP (NNP Man)) (VP (VBG doing) (NP (DT a) (NN trick)) (S (VP (VBG riding) (NP (PRP$ his) (NN bicycle))))) (. .)))
"['contradiction', 'contradiction', 'neutral', 'neutral', 'contradiction']",3365348059.jpg#3,contradiction,3365348059.jpg#3r1c,a blond woman kissing the cheek of a brown-haired man.,( ( ( a ( blond woman ) ) ( kissing ( ( the cheek ) ( of ( a ( brown-haired man ) ) ) ) ) ) . ),(ROOT (NP (NP (DT a) (JJ blond) (NN woman)) (VP (VBG kissing) (NP (NP (DT the) (NN cheek)) (PP (IN of) (NP (DT a) (JJ brown-haired) (NN man))))) (. .))),This woman does not know the man she is pictured with.,( ( This woman ) ( ( ( does not ) ( know ( ( the man ) ( she ( is ( pictured with ) ) ) ) ) ) . ) ),(ROOT (S (NP (DT This) (NN woman)) (VP (VBZ does) (RB not) (VP (VB know) (NP (NP (DT the) (NN man)) (SBAR (S (NP (PRP she)) (VP (VBZ is) (VP (VBN pictured) (PP (IN with))))))))) (. .)))
"['entailment', 'neutral', 'entailment', 'entailment', 'entailment']",4737602081.jpg#0,entailment,4737602081.jpg#0r1e,A mother shading her baby with an umbrella as she and her partner climb the stairs.,( ( ( ( ( A mother ) ( ( shading ( her baby ) ) ( with ( ( an umbrella ) ( as she ) ) ) ) ) and ) ( ( her partner ) ( climb ( the stairs ) ) ) ) . ),(ROOT (S (S (NP (DT A) (NN mother)) (VP (VBG shading) (NP (PRP$ her) (NN baby)) (PP (IN with) (NP (NP (DT an) (NN umbrella)) (PP (IN as) (NP (PRP she))))))) (CC and) (S (NP (PRP$ her) (NN partner)) (VP (VB climb) (NP (DT the) (NNS stairs)))) (. .))),A woman protects her child from the sun as they walk to an upper level of a building.,( ( A woman ) ( ( ( ( protects ( her child ) ) ( from ( the sun ) ) ) ( as ( they ( walk ( to ( ( an ( upper level ) ) ( of ( a building ) ) ) ) ) ) ) ) . ) ),(ROOT (S (NP (DT A) (NN woman)) (VP (VBZ protects) (NP (PRP$ her) (NN child)) (PP (IN from) (NP (DT the) (NN sun))) (SBAR (IN as) (S (NP (PRP they)) (VP (VBP walk) (PP (TO to) (NP (NP (DT an) (JJ upper) (NN level)) (PP (IN of) (NP (DT a) (NN building))))))))) (. .)))
"['neutral', 'neutral', 'neutral', 'entailment', 'contradiction']",6278649113.jpg#1,neutral,6278649113.jpg#1r1n,A person in blue is the only person currently throwing their ball at a bowling alley.,( ( ( A person ) ( in blue ) ) ( ( is ( ( the ( only person ) ) ( currently ( ( throwing ( their ball ) ) ( at ( a ( bowling alley ) ) ) ) ) ) ) . ) ),(ROOT (S (NP (NP (DT A) (NN person)) (PP (IN in) (NP (NN blue)))) (VP (VBZ is) (NP (NP (DT the) (JJ only) (NN person)) (VP (ADVP (RB currently)) (VBG throwing) (NP (PRP$ their) (NN ball)) (PP (IN at) (NP (DT a) (NN bowling) (NN alley)))))) (. .))),A person just bowled a strike.,( ( A person ) ( just ( ( bowled ( a strike ) ) . ) ) ),(ROOT (S (NP (DT A) (NN person)) (ADVP (RB just)) (VP (VBD bowled) (NP (DT a) (NN strike))) (. .)))
"['contradiction', 'neutral', 'contradiction', 'contradiction', 'contradiction']",4791890474.jpg#3,contradiction,4791890474.jpg#3r1c,An old man with a package poses in front of an advertisement.,( ( ( An ( old man ) ) ( with ( a package ) ) ) ( ( poses ( in ( front ( of ( an advertisement ) ) ) ) ) . ) ),(ROOT (S (NP (NP (DT An) (JJ old) (NN man)) (PP (IN with) (NP (DT a) (NN package)))) (VP (VBZ poses) (PP (IN in) (NP (NP (NN front)) (PP (IN of) (NP (DT an) (NN advertisement)))))) (. .))),A man walks by an ad.,( ( A man ) ( ( walks ( by ( an ad ) ) ) . ) ),(ROOT (S (NP (DT A) (NN man)) (VP (VBZ walks) (PP (IN by) (NP (DT an) (NN ad)))) (. .)))
"['neutral', 'neutral', 'neutral', 'entailment', 'entailment']",3338590946.jpg#4,neutral,3338590946.jpg#4r1n,A wakeboarder.,( A ( wakeboarder . ) ),(ROOT (NP (DT A) (NN wakeboarder) (. .))),A person rides on a wakeboard along the beach.,( ( ( ( A ( person rides ) ) ( on ( a wakeboard ) ) ) ( along ( the beach ) ) ) . ),(ROOT (NP (NP (DT A) (NN person) (NNS rides)) (PP (IN on) (NP (DT a) (NN wakeboard))) (PP (IN along) (NP (DT the) (NN beach))) (. .)))
"['entailment', 'entailment', 'entailment', 'entailment', 'entailment']",518230621.jpg#3,entailment,518230621.jpg#3r1e,Indian men selling food items on the sidewalk,( ( Indian men ) ( ( selling ( food items ) ) ( on ( the sidewalk ) ) ) ),(ROOT (NP (NP (JJ Indian) (NNS men)) (NP (NP (NN selling) (NN food) (NNS items)) (PP (IN on) (NP (DT the) (NN sidewalk)))))),Men are selling food on the sidewalk.,( Men ( ( are ( ( selling food ) ( on ( the sidewalk ) ) ) ) . ) ),(ROOT (S (NP (NNP Men)) (VP (VBP are) (VP (VBG selling) (NP (NN food)) (PP (IN on) (NP (DT the) (NN sidewalk))))) (. .)))
"['entailment', 'contradiction', 'entailment', 'entailment', 'entailment']",4787038693.jpg#2,entailment,4787038693.jpg#2r1e,"A man sitting on a statue outdoors, near a woman standing next to him.","( ( ( A man ) ( ( ( ( sitting ( on ( a statue ) ) ) outdoors ) , ) ( near ( ( a woman ) ( ( standing next ) ( to him ) ) ) ) ) ) . )","(ROOT (NP (NP (DT A) (NN man)) (VP (VBG sitting) (PP (IN on) (NP (DT a) (NN statue))) (ADVP (RB outdoors)) (, ,) (PP (IN near) (NP (NP (DT a) (NN woman)) (VP (VBG standing) (ADVP (JJ next)) (PP (TO to) (NP (PRP him))))))) (. .)))",man and woman sitting near a statue,( ( man ( and ( woman sitting ) ) ) ( near ( a statue ) ) ),(ROOT (NP (NP (NN man) (CC and) (NN woman) (NN sitting)) (PP (IN near) (NP (DT a) (NN statue)))))
"['neutral', 'neutral', 'entailment', 'neutral', 'neutral']",6073765731.jpg#2,neutral,6073765731.jpg#2r1n,"A lady is helping another woman work in a silver compartment, which is most likely related to nurse-work.","( ( A lady ) ( ( is ( ( helping ( another ( woman work ) ) ) ( in ( ( ( a ( silver compartment ) ) , ) ( which ( is ( ( most likely ) ( related ( to nurse-work ) ) ) ) ) ) ) ) ) . ) )","(ROOT (S (NP (DT A) (NN lady)) (VP (VBZ is) (VP (VBG helping) (NP (DT another) (NN woman) (NN work)) (PP (IN in) (NP (NP (DT a) (JJ silver) (NN compartment)) (, ,) (SBAR (WHNP (WDT which)) (S (VP (VBZ is) (ADJP (ADVP (RBS most) (RB likely)) (VBN related) (PP (TO to) (NP (NN nurse-work))))))))))) (. .)))",Two woman are trying to finish orders from a doctor,( ( Two woman ) ( are ( trying ( to ( ( finish orders ) ( from ( a doctor ) ) ) ) ) ) ),(ROOT (S (NP (CD Two) (NN woman)) (VP (VBP are) (VP (VBG trying) (S (VP (TO to) (VP (VB finish) (NP (NNS orders)) (PP (IN from) (NP (DT a) (NN doctor))))))))))
"['neutral', 'neutral', 'entailment', 'neutral', 'neutral']",3801367099.jpg#2,neutral,3801367099.jpg#2r1n,"A man in a leaf-patterned short stand behind a sunflower, smiling at the camera.","( ( ( A man ) ( in ( ( a ( leaf-patterned ( short stand ) ) ) ( behind ( a sunflower ) ) ) ) ) ( , ( ( smiling ( at ( the camera ) ) ) . ) ) )","(ROOT (S (NP (NP (DT A) (NN man)) (PP (IN in) (NP (NP (DT a) (JJ leaf-patterned) (JJ short) (NN stand)) (PP (IN behind) (NP (DT a) (NN sunflower)))))) (, ,) (VP (VBG smiling) (PP (IN at) (NP (DT the) (NN camera)))) (. .)))",The man is outdoors.,( ( The man ) ( ( is outdoors ) . ) ),(ROOT (S (NP (DT The) (NN man)) (VP (VBZ is) (ADVP (RB outdoors))) (. .)))
"['neutral', 'contradiction', 'neutral', 'contradiction', 'contradiction']",212863746.jpg#2,contradiction,212863746.jpg#2r1n,Two women are getting their pictures taken with a man in his underwear.,( ( Two women ) ( ( are ( getting ( ( their pictures ) ( taken ( with ( ( a man ) ( in ( his underwear ) ) ) ) ) ) ) ) . ) ),(ROOT (S (NP (CD Two) (NNS women)) (VP (VBP are) (VP (VBG getting) (NP (NP (PRP$ their) (NNS pictures)) (VP (VBN taken) (PP (IN with) (NP (NP (DT a) (NN man)) (PP (IN in) (NP (PRP$ his) (NN underwear))))))))) (. .))),The women are in their underwear.,( ( The women ) ( ( are ( in ( their underwear ) ) ) . ) ),(ROOT (S (NP (DT The) (NNS women)) (VP (VBP are) (PP (IN in) (NP (PRP$ their) (NN underwear)))) (. .)))